Record id	Arda eId
rec02BCOXzobUaoMp	4e77ced2-d8ed-42b5-90f3-c935540ee318
rec0BYx3GmmdGPL1a	b3d63f92-f2e6-4406-943b-17effa3a46c1
rec0rVtFZ443BAnH2	c01038dc-4922-4c8f-a358-e930bb73f706
rec0u9Ln4Ah4SLJQL	bf9dfd7d-6157-42a8-9972-6ec279def48f
rec12MYpCnOX5Qwmm	58c4fe3c-6b29-47c6-b7de-eefb1dcc0b85
rec1AXLMBnf6qV2Lb	076ea985-0160-44d0-a6ff-f5c0ad200c0c
rec1GZekKtrewsft2	e8acc7b0-f873-47b7-aa94-3dcf10eeeb1f
rec1TGKDhl5zA9jCv	708cd74a-f1ce-413d-abd7-42fcd113f6e0
rec1UidvakYxRoUzi	8ad1e28d-7cc7-4477-ad23-ada55962a313
rec1dgaKU4d5oXZF6	f3a618ad-1723-4aff-830d-e7492618c3a0
rec1jy8otHBG46JdP	001a8b12-4b3f-4712-9f8d-3bdea0eae497
rec1kCTlLG8m1ZGnS	246e01c0-5589-4064-a587-6160b027c555
rec1uisdaACVTcyaP	3267627d-32e7-4907-883c-3147a80b6d18
rec1zp0AnUiDNTkXq	7f0f5495-0247-4fc5-a6ef-ac338e7ca5c6
rec22xRepTqW9LxPr	a48a9b59-b4ad-4166-a1ae-fcbcdcc4cb8e
rec25eGAvv2OObCdv	9a1f8fba-f03e-47dd-b6fc-2cef97f1000b
rec26prsBFhdfNnUL	4b12b3a2-6efa-400f-9013-50294e5b825b
rec29E7TI6YYBruWY	804da1fa-b761-4728-a553-67b69c8cecea
rec2Bh0zL9YgnLvH0	29d128ce-2d3f-4e77-96d8-ee557aa8b488
rec2DFH02BWrJe4aI	e4478491-46aa-4364-a394-67a3ed25a0b8
rec2Kv6espGHbgyTt	b78fce70-35db-49bf-a644-811dff08424d
rec2Ob9WkzBCCSuF4	fb3b0d1f-0434-4740-8c2a-81c8cad38555
rec2wve3nOrqqzllu	f196d4b9-e817-4f25-939e-17ecba2e98fb
rec3E4YS48UdYG4OZ	39cf9174-8ebb-4cad-a9c0-71b44eb79d51
rec3NvY0v1iUaHRnV	5104466a-0978-436b-8d89-64b58a764f44
rec3dYUNF0vOFy9Br	ac8d69ec-b306-4fa3-9471-0d868af8d246
rec3nXuZmwdZEPCXw	ba813092-4107-4232-a05f-0b7167b584fd
rec3uLqWEuuO29ggj	15b2e42b-3199-4b5a-a669-fe1fd96ba560
rec3zQeUOLvol4wam	b7bdaa31-229d-4fda-b861-fbebf2a638cc
rec43jDaCQ6VgF20O	a3e2fb39-1f2c-481e-8b6a-6f2fd846970c
rec4A6j4uwx5nM1eX	7f67b97d-06fa-4c00-b484-f6fdc0e55951
rec4BlNMOXJHzE5MD	033dd68f-7484-47d9-bd29-9fdd7c9e848c
rec4IAHkvTipWtpPP	c12e4c13-d36d-447d-afa3-a577a4116836
rec4IDXrNje1rFMVz	b79daa81-8c4d-4ae5-a458-944f744c642a
rec4L0td5RQIaffKc	9738baa9-7ce0-4857-9e16-f71c4676406c
rec4LLbVvTXrfHAuK	b45842f4-76bf-4978-92ac-d94833516507
rec4Q79wV26SBs8tt	99b606de-bbe3-472a-b38e-e0d0e92acb2e
rec4Td9C23biM407a	0e3442b3-3e28-469b-ad18-d97aa9df14d2
rec50IsKrqzOj9YTq	0e37032c-d43b-496c-a058-968b1f46a59c
rec5BqQS67c2hkrHY	cb712821-dfe1-4b9f-878d-963c45a1e041
rec5JoovEBZhcBnMX	8d29d545-f4e2-45e3-8130-b08e7e6c9ee9
rec5KTyd3P9BxV1sb	67f35744-8821-4315-9715-d13db4e1d7c7
rec5MLAEvvaUTeEpB	270db195-8c44-4b55-a61d-989ace16cfac
rec5Q3y0TFn8XCiYR	80421508-bce2-4ae6-b577-41249ebb647a
rec5STHZGSsOVsbx6	e74c25db-52f2-4a0a-a4c8-2fc979e4fd26
rec5Zj2UqzqFe3dlE	e8809a9c-fe59-4955-aa65-3743d99cf39b
rec5iQnQLOwm3OLZD	a36c990f-ae0e-4591-8ce0-b9e5abaa79d4
rec5kkQ6IUfM2PFl2	454ec974-a9dc-44a8-b9f0-e1c38f1c99eb
rec5oy47QqtJClmGH	fd2e66b5-bd9d-4a47-81fd-7621cb2ecb5b
rec5rbw4fzI0YGVBF	fab55461-fa6b-4733-a28f-9853b181f7ba
rec5ru1QQxo11KKyC	7f8d5dd9-90fb-4322-9a19-246ed3447da9
rec61YunqbrwTxbzL	e292d22e-d5d2-460b-9f2e-40e01d45279e
rec627srvoZEpZpQU	521a4df2-20cd-4244-83ab-572811d95478
rec6LGcqmkjBsmGBw	0c745466-68aa-43f8-8445-771947cb3f02
rec6XTUTPmNBbYUvu	740af244-e669-4b68-8d0d-a6cb7bd6067d
rec6ZLgJERDrnzIV6	89fa4e8d-31ae-4a65-917a-8930b5b07d91
rec6gjTNkXP2Jj69k	e2e6406a-2d62-44e1-8d26-8e6f4fb5380a
rec6mtgMMHmozP8nU	12d28a1e-8848-4184-8d4c-af82846d5419
rec6x1RcZf5jghXKA	c01038dc-4922-4c8f-a358-e930bb73f706
rec70XWwNj6otDX0e	c01038dc-4922-4c8f-a358-e930bb73f706
rec71t5YeOOQuLAAt	0813d3fa-bc82-4ce5-a553-7764c6ddc655
rec7KYpWvzYdSW9YW	e0ce5bc8-aed4-4b98-8e89-ad2786e86816
rec7PYvBnyyzh7aWg	7940c1b3-2189-48c9-892a-5c1f82c0a927
rec7R5r7LC90DXRXG	b1732548-0010-4058-bb7a-49f4d4ba6a17
rec7VFa9vvBOcUW22	4c571571-b9ed-4a87-9150-7ae7db3a0e1d
rec7YgLpb3w0bTvxN	4ae32a86-d2a9-4966-9e28-f6746cec9629
rec7jKHkgcvaBVuCd	facc174b-d3f4-42ea-a439-0df0d6b4cf2d
rec83FTaTdFsYsBRU	c01038dc-4922-4c8f-a358-e930bb73f706
rec8FauLioEv0ia2m	9b5aa7bb-3b45-4288-97cb-291fc06a4a08
rec8LrmIDOZ3XVQiM	6749d1a7-4c6c-4aac-9960-014f81e29732
rec8eoCRh0capC0Cj	55e25ecf-ff56-47a6-9c18-7d77f10dcee7
rec8oLA0hgOZ6lO5C	c25f09ee-1756-4c3a-85d8-af2e28ef6308
rec91fz1jSfu0pKRC	9b8700c0-ca23-42b9-b851-1d42527dc925
rec91miU01qyD5DIW	0b1d76a0-f8de-4f39-a2c9-e0cbf3291c74
rec9DvHGaf2gtWw0P	a5cdcdda-cf49-4db2-ad9f-223dbbebd282
rec9HJpPoRD8VgV7Q	2cd9d81e-c0d7-47f3-a9bc-2e01cf9ada43
rec9IdaXV4H3qwJ5i	1d21341c-2e57-4fd4-8151-dfd5e38d0b1a
rec9LYsIVPyIXWQOh	25710fd0-65cf-4a12-afc8-efab656d2a32
rec9M6zQUav5sWrPx	f9bacc57-b301-4643-8eb0-01bf29119eb7
rec9Of2KiVQsJy4GB	513b8659-113e-4366-b955-035351ef5379
rec9h3bucqj3veKmm	9246ee33-d1be-46a8-9023-3bcf3fed014a
rec9pz6F0AuPnUKTV	5b5afad9-b967-45e1-b053-90aec42b8e4d
recA3OOv3MVxrCwh0	fffd1af0-7399-4361-a9fa-0be78ac2865b
recA5Rf4exUhzLIgY	c01038dc-4922-4c8f-a358-e930bb73f706
recACUHNDjPsppArg	d9da4c02-20b3-458e-b0fa-dbdf0c5fb9b0
recADXGmMrk3hHi8s	271e6408-6e35-4236-9fd6-e8a46b52c09a
recADvhYrigHuXu1B	f3f0ec30-985a-4f30-a85a-7b5db37191fc
recAHDYUQakkUbjTy	d0d2da29-5e21-4249-89b1-f6aed927ab77
recAHKm9sKeCXyjS2	178dcaa0-d8d4-487b-8547-1d3fb5f8fce4
recANmaXcQQtgxMAr	8f3cb37e-fab9-43cd-a741-4ab7a4ba80d2
recAP5YljJeRKp1hm	53b94b1e-bfe8-4280-b34b-8c9106bd6aa1
recAPYyQj4boBkv4G	d6b6b01d-6d2f-4bf3-91de-947a5b86b3f7
recAczFuWBdBIfzQb	6d2adf3d-d462-450d-800a-ca29c862c55a
recAh1SsWDe4zwfmu	daf811c6-2728-4c82-b763-02050c183c61
recAh69idQunjGvtN	8611c582-2637-4b9f-a042-f4271c6061c0
recAjX8BWj9SaMQ7o	c01038dc-4922-4c8f-a358-e930bb73f706
recB4tmUg3mF4JOds	b7418ba1-4119-4318-84e6-0912da9e662f
recB7qnd1gI3NczHd	4714dead-d5bd-458c-be75-8f87d8bbe406
recBCOCBKd0RD92Dk	6c85fe46-c9a0-47ff-83de-c1dcf247b244
recBF2owjUVLKtscp	997fa394-98b6-448e-b26a-c74777950b15
recBIjdyOCk8YLvSI	d270d144-2fcb-4ddb-8f5a-48e589581d08
recBMd9TQS6dsXrWc	58e9880e-b69e-4ded-9f1b-48fd3dbee06d
recBQtP3di89BRrOs	74991472-a50f-4472-b40f-489b494b6d16
recBSAWOnxewmbN2T	bc89d8bc-5f25-476d-a3f5-ed2025690364
recBWKGpXptc6VDF9	640b4368-b1f9-49e5-ba44-0918e60c714c
recBjFwg7RNZ4T4q5	fd1c903e-5c9c-4137-a2f2-c4edc92d503b
recBjNYzlwBD0DM2q	26278550-d319-4d87-9639-7b08dc795ed0
recBpDIqKGo7K6zYj	174a6987-55a0-4c13-bc3d-86b431b81a25
recBpMyjpfatfVl9j	3f1220e8-2270-4c59-a6ec-b72d7b8b7983
recBxrCm8Wlhj7CkR	e28ccd4f-7919-4884-9bab-e45deb68bb20
recByy8ggkMTHa52n	1490b39c-539d-4cd2-97a0-e862462acf7d
recCFlTLw737b5riz	3c8c36d2-fbcb-4c23-9f33-65a049149a42
recCcT6NVfc9pn9xh	14f7d7cb-498b-43d0-ac38-a6c335f1e775
recCg9T5Nq9BlGi6x	24437aa0-bd1f-45d0-82d8-0fcec7a36d9a
recCk5NjGgqSmJ9Bn	e384f0e4-baae-4824-91e3-890197502bd3
recCo2PY9G8RI1kOG	4dbce822-8560-4bbc-94b3-efcfaf27d6d6
recCyVEDCbPgsp4Qg	39e9b80f-7a27-42c5-ae9c-8320e4e6fb75
recDB4mP1kH5CdUGW	972511ea-a3aa-4946-8676-e7785d81b571
recDjkmLws5kdyDUI	3e3bfd11-b0ea-48e8-b725-c52b3dbd6cab
recDz5JfKHUDIbm8S	6efddcab-3b61-4cf3-b857-7236133dbb01
recE2uE9Cbll23IxJ	91dd5238-6658-4686-8614-a9248b34e628
recE7vzkJRUGsQnQC	17ec1ff7-2275-43c5-b2cc-1efe2c667e81
recEFD0hORW13FYUO	c54a9a57-ce49-4019-a8b6-6ee35b74e3af
recEGIexdAjqWUNzA	de4c22f1-5d56-4a03-b7a8-e46cda66e93a
recEHbLdBTnq9ut8F	b1146af9-42a2-470b-be78-49c7450fdef1
recEIGj1uQOQTX7lN	0b12cf33-fd1b-4d2b-b9fa-16ef60878a24
recEMA9lDAFulDsje	954fd82f-e916-44a9-affc-4256d5f222c7
recESDYi9SZl4cs2g	f3ae011a-5df7-4252-852b-559ec24790c3
recESr5Fb6N00xukZ	4a86177d-a90f-401b-abc6-86228ed25dac
recEWlHQ1JCFvQRNG	b152f212-8c16-4004-af20-de8554a126d1
recEg8Hu5K9aG66uH	cc22c279-bab5-47b4-b9a9-102cd8732076
recEhnSiOXIJlP6qL	6e02df3a-9f07-4d6c-939e-02d64a53aaae
recEwZlRr3VG4eX36	29103774-d417-48ee-a4f1-29dc04584787
recF4GhnpjWOwpI9e	675a32f8-3884-47ca-93a1-cf6fe87ec74b
recF6YMbbsrsqjhVv	09167565-d0f8-4209-b2fc-b67d09301a63
recF91m82lLnzEUrN	80dcb6f0-6f9e-4920-9b29-9fed155fe732
recFR4NWjNPVA5Ck6	72c86e57-5893-417e-8ffc-2edec37e681e
recFSP2yqQXSW8bNg	418b3465-99d8-49ef-a935-56f6040d06c5
recFZSmO0gCn5XmIN	f8f55418-d065-4cb8-ac57-555a8d7883c3
recFjrSf46jDzVcrx	14f7d7cb-498b-43d0-ac38-a6c335f1e775
recFrWMTfnSM3hK38	f45d3413-3589-499f-adbc-7aa54491f6bb
recFxJzOIXWfdQI7T	0af39e88-4bd3-4ef7-ae84-d0dcb9f72a91
recFy1YGepRyc8Wgb	c01038dc-4922-4c8f-a358-e930bb73f706
recG1XXYBHDLuYqxr	a9051ebe-8fd0-431e-a9c2-e018f5e7bbff
recGGnKYZjgVTlOe7	efa67cfe-a107-41cb-b179-62f7118d3ad0
recGQuupaJPS3WHZ2	ccf456a9-b1aa-4571-ae98-31311479d27b
recGbd4m3XCr2xF0o	8fd121ac-5e3a-4227-94f6-f4ebdb52e779
recGdOVCUgUbde1gp	a5e027ca-d1f2-4380-b2ad-061a5cf2b920
recGoV43VcrNKq4N4	6a040e03-d82a-4fd8-877a-bbe4a540fb3c
recGrvkCvaeUhwZJH	7c13a6c6-e2c0-4182-8be1-9e9a70a22d2a
recH8M19JIepF9z2W	951d7914-cf5a-44fe-8794-8595821d65ba
recH9OxOlAg5NQ3Sk	da37207a-3490-45d5-853a-6997569082b7
recHHfOu7RwJ29NnV	b4128f1b-b939-4ee1-99e5-ba8869c78394
recHLLMViZm6cDSTm	5aff4a9d-d819-4f4e-8e64-7df83a8c56dd
recHtH5NbEzZkH0cQ	5f733e41-5b40-4330-bffc-b5b5d618f9a0
recHxWlpH3RmQRv0I	cd2f7c3e-abb0-4c62-a0fa-921b15be8b37
recI3H9nY4QlUbXnH	136fdbe2-f516-419d-bd4f-b13d75ad78e0
recIDkzyg6pjZz1mP	b581dbe7-1b01-42b1-ab66-a9c4e55dc649
recISUFh6bCSrp3zO	ea24a8a1-935d-4c6d-acda-015c58af82d5
recIYSXlXHx9Nd8zz	0e6ee2c7-8279-42d1-8c84-977769412491
recIkrBIqKczWIWyK	e30edcd1-f2ae-4b0e-aa55-0737288422ee
recItRnSY1grX0Ghe	9808f939-6fdc-47d8-a096-8df607f1ce12
recIvGSzsN8SOSHEH	f52422d2-1ce3-44e6-89c9-34281a74ad86
recJ0bj9gPC5SYf4n	18da7784-7419-4a7f-a6db-4fcca71a2602
recJ8cfdbtfKkqbfy	f78105e3-70b1-4739-b408-2526eab8c1ba
recJ8msAuIWbIIHjJ	a8a5e48f-ba13-497a-9054-0e0c007fa0f9
recJAl9HrHBGDev37	93347b9e-b651-43d6-b048-70b248db998e
recJI21GPl28quHZo	6ebbc0dd-88ac-40e8-bce3-385d599ca07e
recJJRM87xpyiNS1U	c01038dc-4922-4c8f-a358-e930bb73f706
recJUQg0O2sm3Mdlx	4341d197-487d-493e-b0ef-7abb4ef50925
recJhc8FAMoV0pEVi	c4df624b-5ad6-41a5-aebb-673a5c251bc9
recJvlvhK9Q6Q6vrn	c54f2793-b4cc-4c0f-bec5-52c7721e9f10
recK45JqrBilyIgdu	fb8ad8bf-8cd5-4490-a43c-382db3e22374
recKF8nrnkOgvMpZr	88009018-0845-4b1a-b50a-4e14573440df
recKWBumwC5qr63Up	f72e9bbb-145b-4501-86d0-450442ce157a
recKje2kraOi8RONc	97d99c69-e1bb-4047-a154-2881f951a9c1
recKmA8sq3828CLvx	d8e82385-5873-4330-8b13-fdb2b512465d
recKpGvkqIwz9cpJ3	e20786fd-5bad-4eb0-b83c-dfa465d1469a
recKzRjqqOhXiDk9e	8172c5a9-f89e-4795-a244-27769a7b4f0a
recL4qC4XUJWFvcSG	c01038dc-4922-4c8f-a358-e930bb73f706
recL9WuOOkUxaeSca	0a53e22a-3a1d-430e-904d-d5993ec04063
recLLSchmVsSwTd59	6a6152dd-4af8-4307-9936-2f3fe40890a3
recLQhq7jdH3YyacH	05809847-01e5-4f16-8b3e-4f3d1dcee8e7
recLTo00xNazdsYC2	586bfcba-2681-4925-8a5e-b96e22a8bbcb
recLX9ZgXPU8vyyEQ	e7fcdf66-46da-45f0-849e-5845491cda0b
recLZW7QjF211OZYK	8d518d40-c3f5-44a9-94c4-c5283a3d7b0f
recLf3elI5sjuE8tQ	6e49660b-7e60-48a1-b1bd-e7f3583372aa
recLlrDk6jvNqUAF9	982a56f9-0a7e-4607-8a54-276be19e8b46
recM5AuJAFsJl54AS	16532cd4-c004-4535-89f1-69a0a16e5a86
recM7YWd1dsSqUQCh	7b952c46-7ccd-4bff-8ba9-f14430d5cb67
recMOB1qBIo03kjpk	ef79008e-0198-45b5-a156-45fb15d20f45
recMPXZVMV0GgZ1UZ	3327249b-a521-441f-bca1-d5812efa83b7
recMRIxYi6qhxIuBh	a9ba0981-8b76-450a-967a-a92e3f596a77
recMX68jUIxYxWcPm	bc824106-9ba0-45b6-b95f-681977b8509e
recMlRYFRl8dJzuUc	3df5b45f-4271-4a11-b36c-559b28e0100f
recMsjFqmtLXGpzaC	4bc29e9f-ee35-4a48-8cd7-c73b1e7359b5
recMtYYccHckfoi4h	3dd3cd46-a992-4318-af1a-30e136994ebd
recMtnWcZUNjJMR8A	7eb60815-5d57-4fbe-a14c-272c8fd321be
recMvYzKH0Lo64cQu	6bb0a743-f5e2-412d-822e-802db3a25525
recNE1WQ3DfRa6xaY	638e1072-abc3-4edc-9af7-07ba812c830f
recNhMekDVPUDH8Vq	3c4be116-9f59-40a7-ab4c-a27219506f13
recNkX5DkMV8cyAFz	2e44128a-9c07-44ac-b6a6-e8bbc52a529c
recNsxDPCA1a0YmYI	d472deb8-ea50-45a1-b91c-f023909c8e51
recNttDcyPeYuJOjt	c6d64c81-12b1-4bf5-92d6-66c72e31a60b
recOBZVOt8lcTmhfn	8e4eaa7e-16f2-463b-b5e6-221f4a167130
recODa26eDrABDJS4	558ea823-095f-475e-a2eb-d33ebeb3b6a7
recOSPBrDMpE98oTG	b61b2b1a-04af-435c-8ca5-128061761d8e
recOSQ7OMohYfJpvP	8adcb828-f41d-4d3e-a83f-1eb745db482d
recOVkZnnXD2VukU2	4884f40c-8923-46e5-8ca8-83c5c9a8429b
recOW2SRIvK55SMpA	4b2b5736-7344-405f-8d6e-da8bee826f7b
recOWfHPLM8UL0s2O	a0f2753e-9cff-486f-902e-5b7b38d1e542
recOchBbal20DY3nT	dde8fb27-a627-477d-be3f-59562ae052f6
recOeBtS3RtCEZa8H	36d9a964-e50a-4fc8-8d50-19b9d204b7b2
recOiB2z6uewld1Al	59df69ea-7185-44e3-be58-18adb59e2c9d
recOkJ6KNoNwL7ji2	73d1b1af-4d80-40f2-a080-765a9b0cc3f0
recOks10fwJCMBi3k	1381e02a-8bde-4b60-86ef-8241f1cee89c
recOr9Bi78NNH53sw	595f5ebc-712e-4ccc-8b26-572c183255ff
recOtP35upfEQuRi4	8c72361d-903e-43d7-ab57-1a7ccf0edc24
recP9TL5yNRxHZNiK	4e4ada89-90d2-4cdd-8493-06fca49e1522
recPLML6Okr0FdoAo	75cc2cf3-52f7-4f9f-893b-5fffda16055c
recPUcIhi8T8DQh3o	92c2e25d-f190-47eb-89b5-12529e105ea3
recPY6qRpF1VNkXy4	fa552477-395a-4693-80d0-55e5e1135cb4
recQ1drkgg6LoDTT4	3bb688cf-c123-4e99-a753-ab3d5cb5de03
recQ3n2kidb8CRBaB	488d2766-8696-490b-9636-4efc81b49d7d
recQ5IW7aOFTij0LB	a04188fb-1654-45ad-b740-312cd1115efd
recQ60YiCv9mF4isQ	2447258d-624c-4775-bdbe-0df9db9e7eec
recQBP1UIgo2QIG2P	4f7269d7-d4c3-42bb-a703-6995119e7a71
recQFO1BSmiJLSl0h	270db195-8c44-4b55-a61d-989ace16cfac
recQHW69EV1Q0y76P	45740ce0-7f20-4753-84b6-05a966f62bd6
recQKZ8TwzHR5xDrG	2a61b181-301c-4960-afe8-969b367cf133
recQNkpxsdZbulwiN	eac516c1-71bc-4c7d-91e1-6f55aebdcc0d
recQW5fqXEL2UllVx	c01038dc-4922-4c8f-a358-e930bb73f706
recQYoJkT53cFVPaX	741636b4-184d-4725-a1fa-38b5c1e6e1b5
recQo2kxJdwtUoZDx	cc19e9d6-6dfe-4bd5-bb49-8eeb830a6ec7
recR8CDzfiPLitrTR	b0f4c748-976b-40f6-9349-84f87aaf6995
recRH9mzSnxTWmrQs	7e1a0e87-a357-4108-9a77-afe1aba3d2de
recRJkj6nG0tNu79Z	fad60198-22b6-4956-bcd9-8374cc615d08
recRURqwE2kCovT8u	fa705c9d-533c-402e-8c75-7fe088e99ad2
recRqZf4JkhYr8Ben	b7690587-b216-44be-b679-8ca5e4e50193
recS7USnN21lhhHZn	05a83457-f1a8-4c15-a021-701d31dba2fb
recS8mMS0LP7B0crh	9217dd42-55ba-46e0-92e9-ffdfec666f0f
recSAnTD2QFYI2RFS	7b6f2cfa-029f-40c1-9e91-f2c5b9d264c2
recSE5YZFsk9RsG8M	e83a453e-cfe6-4717-a5b9-8e1cbf3f2002
recSMTULCkqIawOvL	b1bb4f83-60e0-4eda-a79a-0e115a277245
recSV7qxq4HWnfOYA	ccb062ef-bb67-4423-a20f-faad706a3e96
recSaZxMl8lLg2BuZ	3d6828a9-7fb7-4d8d-a384-958378bd0c7e
recSbVkqAa7VoU2nO	68155b72-19a2-4d82-909f-c84161fd6968
recSk7h0iVeHB46Eq	4904933c-c9d1-450c-964c-b3eef35566c2
recSpNSZkMxFRxXwF	7391accb-af6b-40ef-90c2-69dc19fcadfb
recSphO29j3lJQXCI	894d81f3-2f5b-4884-87ac-2406d7eeb427
recT6svBPoq2GYzwl	093717eb-774a-4a4a-9b48-e920ad9a655b
recTAu6f9SFKzEzik	1d7f56c1-d27b-4e9b-8a28-f95ec9ce2da6
recTM8svpYvwAMKOS	c01038dc-4922-4c8f-a358-e930bb73f706
recTQDq2UwsrkXMwh	8312638d-9542-47c7-be70-60fbf7509ba1
recTTweWSmIToErk7	e6725ab3-ce74-4353-9246-4d2837d4e59e
recTWoGAwGGm6Wypa	f10ead73-f586-40f5-8b4f-7da31d3fb8dd
recTaZvKOPb5yb4Rn	550ae9c6-9c76-4c45-90f7-a7f57ae9c2c4
recTkp3SxLOcdySNn	4dde8135-a550-46db-99f3-245d8d5ec5cd
recTlq7RVuA5oYpfF	5118fdb7-3359-4e58-bc95-289bd3e7857d
recTyEH61pvm1X8ay	52b2bd77-84df-4bae-b616-e7bf241ef094
recU3rCLlYxq1ZWAC	7a53056a-6c00-40c9-82b8-b2784f4578df
recUEJynRkXUnwX8U	c08ece1b-2d35-4517-9913-e4e9af83b9d4
recUIRx6KGhAQRyPg	213fd0a9-d7c6-41b9-8c9f-f53096e6002c
recUM729z9RdYwDvO	8c45e4b5-47e5-4ece-b670-79bdad1053c7
recUcKGxCLxfBJpuo	db630090-f1b5-45b8-afd8-49bc7816ec6f
recUnNPiwIfD5Iofg	6cd80388-cfb0-4892-b78e-28773adc6360
recUoXljTMvb1eS6j	c3a4568e-bdec-4698-a569-eb5730c7953b
recUsQYm9nAXZaPN2	2a0138bd-1151-42bc-a410-cf01a903322b
recVNSmpzqat4XKe7	c62e9e9e-7777-47fe-8fcc-1fc6475c2a4a
recVR2L7AZWeyop9L	d210a5fd-9900-47b4-8e0d-38e63aa41459
recVUE3O7CRtuA304	b0a633de-9aab-43a0-a786-a9987edf575f
recVf8LuGwFTDOpJS	adfe4e55-1f8e-4e86-a6a9-76fa668af4eb
recVupDQgUe16J2M6	9b7a7f75-9191-4e33-875f-95d425e71ce9
recVztWi9MzEgqWrE	c01038dc-4922-4c8f-a358-e930bb73f706
recW5Uj01eya80Kbm	e92e9936-2de8-446e-986c-4a9741e48ac1
recW92nLIs0D8oFiJ	5a1d1720-bf02-4cee-89ff-4d27a48bb9e1
recWCvQVsKjVjX2Z9	d65ee2a0-06b3-4d93-9a08-0e638f957bdf
recWHj5BfOMgELysJ	26d58b2a-2b42-48b3-a72d-ec724e2d34db
recWNlmjH9G000ukr	b58cb66a-da20-4cf4-9902-7f34c42136f5
recWNogjL29JZ6rwZ	9196ea94-b67e-4b5b-ae4d-9d75fffef1b2
recWPGF2laM9MyRTE	500016c3-af79-4185-a095-e1035740f0ac
recWTDypA0edu9rXv	1205ebbc-a8e5-4cb4-9f39-fc5fa9bdf55a
recWTKqU83MegD1Mx	34c1356c-8b35-4bbb-8763-fc5b04c26b18
recWTqGVbJm4pzYLO	bb66fb27-5d47-4d67-8119-be0fb1707658
recWdAXUZeZ15pfKF	cc64616c-8430-4797-932e-b87a475763e4
recWhCqjDkVcAXI0v	412a2e70-4a0b-4398-bbda-e27cad046d10
recWiytcT8KBbfjjY	9716ca3e-8da5-4a86-9669-629f69812b61
recWnpwKIvuzwfnRa	235f7984-051a-4f5e-bea5-0ad0e0eb3e45
recWunAqFPch0265A	bf374519-256a-4290-ae2c-7fbd965131f6
recWvp4cC8l5qB9W5	c3779d0e-d3ad-4638-8c17-fcbbd2e5f188
recXAIDOfJ6mWJAg7	c01038dc-4922-4c8f-a358-e930bb73f706
recXQD0OXGpYr70OD	9d9a6ab3-c4ae-4570-b73f-2ae5bc38d641
recXat0fdzstBb7Jc	5ee4afa8-4dd1-4a77-86d1-e94c1defec6e
recXcDB8qZCHx0MAv	c01038dc-4922-4c8f-a358-e930bb73f706
recXcLOnNjXBpPZBM	522a7880-70e6-4d13-9df1-aee88e61db32
recXeDFUxNW1fc8nk	c01038dc-4922-4c8f-a358-e930bb73f706
recXuOgD8FudCbX4M	bd22c28c-a8a0-4277-b930-c1595fdfa0bd
recXuiGORuQ9jeVbR	9e65e777-d3ec-410e-a917-c76cb48490de
recXxpKpPfKucgFnh	e357fadb-f42c-4c66-bdb6-d4f6a48f8b59
recY0W527lrS1XCNT	4ea398f5-312f-42eb-8d14-128096a6ef3f
recYBdRJlB1qyec74	ad4e1f7d-9d7b-4905-b1a9-3e3e36e12918
recYC3dA0ck1HQYWJ	50a0bf4a-b167-4897-bcce-50292a71b679
recYNtWNbPbkSREr1	21f517d0-9f66-44e7-9c41-e471b9b37904
recYQ0jMdlbfLjbQE	94292a9b-7da8-4f49-86ae-d5314fa6e5ce
recYTKASGn050iya2	acf7d4f3-1d06-4e26-b849-0246910dd069
recYdOpokjOMGHo5d	3473b070-5d2e-4ba1-9799-2e3450634d90
recYekIMU8T08wbMp	e04e6b75-d495-453d-8815-3cca5bfb1b9a
recYlVULgCCNH7POz	bbc0175c-b179-4830-94c8-9bf6d48ba1e5
recYpk1oy46PV9gEG	3b9fb56c-cce3-4109-ae6a-af4eb73654f7
recYqg0NX9YOWHYCK	c2d37f38-3201-4122-b42c-ae7f8db274ed
recYucWSWAlUhcczD	fc2dd68c-4371-437c-b8d7-25a7a98d31f9
recZJnhACEa1sXCFG	b6af3556-9761-47ec-8f1a-2c5ca1bb0a3b
recZXVBNwiaZK18dC	bfc4d25a-3c46-456c-8fb0-0c9b5bdc0551
recZahqKRWUoPkpoR	767b6206-3011-4609-8cfa-73a80ce67bfd
recZbjXaIoWwBQDsg	251d7533-3945-4918-84ac-771a2fd016d7
recZfekOGn14UMR7Q	e44ffa23-d285-4446-b6a2-4e4838907936
recZnVDkSCtn3Ch90	b0d03a67-ab64-40b9-8822-3739a78ccba5
recZzIs5kqyhYjHGI	1411dd22-5d95-4344-8e62-1904df72674d
recaKi7dqKwmRq2VY	4c8d0dff-acc5-4d9c-b263-d4ae010c8649
recaOYnZhXsrID0sn	89028af1-dfb7-49d2-b5c6-aa4297b1b295
recaV6jU51WGnm8fP	e6e2ccd1-645f-4d06-a16e-5fec8a9a3be2
recae9maKx1m7U1Ax	102b2415-0b13-488e-862e-7b9e5aa233ea
recauzjy7IoxLDJL3	d3f399cc-6bd6-4232-bbb0-caae89e2b762
recaxlnHkTs0kAPtu	43fdc2a0-85dd-4571-ac9c-4ab59245d553
recazele7xLFcQoK6	da1b1fcf-fa4f-4e5e-86dc-88e1c173aaf7
recbOOfpu2qdDaOJU	eec1a46f-0318-4d5f-9511-0a27bf6fd3d3
recbVBAqWDv4Ej2N1	a2da461e-9642-49c0-a07d-7820d60f12c1
recbhC4QV4BOMlUsX	48e92066-12a7-468a-98c4-9780c1d0c367
recbhhe7mc6NbOkaz	7471aa82-2dc1-483b-980a-4114e5371114
reccBU4p3iN5z82i7	62b03fd8-47ee-49f7-8368-d1b085b93c92
reccE8HJnyWuMfx0f	82d1148e-59bd-40e1-a870-0758e4fa42a5
reccGiZSFR3YomceF	9385d328-f109-48a2-9d4d-37902ac53e33
reccKOU4PluabiMBA	359e9e77-1380-4c4b-ada3-306f1e7ef784
reccONJLPAZ4y9GDN	9e993b7c-0006-4807-922f-1e74bb2a62ba
reccUgbBTJGfMlnHs	6b5d4394-a071-46cc-9b73-e71e002e6137
reccY0qoO5HejmDlA	45ad4270-00ee-4824-9da0-43fa086a03cb
reccYZc3nX5fsjRbE	57069517-2d33-44f4-b2a1-2b261911c048
reccgnjK8vcDqqhI3	ac6a8f25-6de3-481d-b516-0f3cb4c6ebeb
reccgzpUIn8M5nWse	302b1c96-c12c-423a-8704-cd11c1f0e1aa
recci8DmH0fsYCh83	2723e46d-a4fc-47d3-9441-51c08bb39e27
reccpCFLWFTDTNaCp	7a296f41-85cf-4199-ab90-c602c2103a1c
reccvsjW8k1UxMNXa	23c40eeb-0a5d-4d71-bda2-51b8db83b151
reccyDIUqoccIFNoX	9d7d6ee6-4612-4577-be24-ff3a8597aa0e
recd050FImBzEjmeF	45c8094a-7658-4c73-a871-96f3365f893d
recd1BbEtLpLQYF1D	340af5dc-9aa2-4c99-b266-4ec060d8c148
recd8cLKm9cERI1YM	4ff9461f-52ec-4a57-86cd-b0aafe687efb
recdN5N8XPXNUJZXp	7d9340de-044c-41de-8c26-9c3443e277f4
recdgHWcOqwlkhwG9	05598d33-4e7f-48aa-bb9f-d25d83f68a1f
recdrSHHjICGuofXW	1af340cc-49a7-4c85-a8b8-00b5bcb696c4
rece2OLvS4F05LrPY	61813bfd-8287-4bc4-a911-0f1a667b9dca
rece8DWVtS3cM04TP	0c23332d-6843-49a3-a7cb-3a430b0e7419
receFgysfeHTbszvu	c01038dc-4922-4c8f-a358-e930bb73f706
receLw4R5mNq89v5F	516c75c0-dd47-449e-bf8d-81f00073d955
receeUUiUtqfyZgz1	99c5c7be-2c16-43f8-b05f-8c61760c1045
recefsadvh8u2rbGa	869d1d40-6933-4465-8fe8-e9455a7d2a7b
recemdKX5iilDsFsv	c01038dc-4922-4c8f-a358-e930bb73f706
recf720rp15dD1A6A	c1babc79-d530-458a-8f0a-2c4fcaec9787
recf9sLIiAkGdLeFi	038e56bf-7fcd-443d-b519-1ab27ef5dda2
recfCQib84EPZkSlX	831fb781-067a-44bf-987e-7652e7e750b3
recfK3DzOP9SWzZUp	61a2eb56-9f3f-4439-9498-66d6b8b59faf
recfM2MfBfW6tM7fY	61550535-2c41-4b10-95e9-b8c70aa07513
recfOsQ0YUef81nOt	fc58da8d-e64e-4926-b35f-c22655836bfc
recfi1J5GoV0cILQX	c01038dc-4922-4c8f-a358-e930bb73f706
recfwZEMASHmEx5Oy	dc69911c-35d3-4804-a9d4-451ad21b49e7
recfzBtvLsP4eF9Y7	1d4d1fc6-737c-4652-96a4-86d827e356a6
recfzKyyOUuiYSMGa	03892d37-d10d-4e2d-89d3-08d328c8a053
recg6sG3ueguSSwCl	ad919b04-5d1f-432e-a749-00388119024f
recgH8PfmkJQGXhMb	6d13d7b8-9831-4d64-8266-3490c0c17888
recgHq7EdpVonqu18	71811498-de12-45ac-bacc-36ee7480fd8f
recgMh7DuFw63HQZ4	a2313734-f047-4745-89e9-e6e70a5f7503
recgNCeBvMCUaZUdY	c01038dc-4922-4c8f-a358-e930bb73f706
recgTXFqsB3jIAkNh	bcaec306-fc28-47af-8dae-29346e7ccf19
recga6EW5HNBto8ni	5edfe0f7-d2a4-4b9a-ad4b-45eec9f60323
recgsKEBf88NQMij1	9a01bb09-e6a9-4dae-a9bc-4e0977678d39
recgxGi92q6fCeM0w	3f316a1f-6486-49ec-b02c-9f529dd45c55
rech8PFaS761l925K	da6acef1-3f91-4d36-966d-1b978caa6c27
rechKtY0xl5DJbZRk	33dcd835-d8fd-40ce-a860-128b1f515bf6
rechS0AWgqgPFgT6T	1ede8490-5ec6-41be-a217-7675228dc831
rechnj96zs6QTfqAN	5cfce3a9-9332-4566-aead-6b7bb05da62e
rechqFgjrc7AItDNV	80b0f096-8303-4b39-8454-1e833e92b10f
rechskqDWWmxApk35	56855c20-1dce-43fd-87a9-ea71bfa6c9df
reci6qG8eqKSjvppO	5edfe0f7-d2a4-4b9a-ad4b-45eec9f60323
reci8rWpmor0vZE1L	ea0fe76b-d1af-43b0-bac2-11aa9b7f764e
reciFkSBRd1TAJywH	c01038dc-4922-4c8f-a358-e930bb73f706
reciG8Lo5cgV8lFzI	3cf1bd02-61b2-4274-a331-848381110bb2
reciLuke2QGHeYGed	35c3b7da-e57b-4254-9186-9e34523d5427
reciTiPZ7rgBAQFxA	b036f6f5-ec54-48d5-8ee0-f9e2f3a722cf
reciVr0gkWUNXE8pe	ccde0f5d-54e1-404a-b000-e1cb00373734
recijDkvyMdwsLkEb	19cbb192-01ac-438b-bf1a-4b81260858a3
reciogA3JE5lB3qMU	f14577ac-2a9e-4fe8-9953-64f38737bbad
recj6lIAlPFfeXkB4	a6237aa4-b636-4e1d-aa5f-6845917c81e6
recjEgzBRzqC5tnev	7ce34874-b7d1-414b-a725-a8cf27195e1a
recjQEzNHpr6jTqJb	c01038dc-4922-4c8f-a358-e930bb73f706
recjbNzS30WjyHaqy	658e9173-4d89-4af1-8488-0e5f70102eaf
recjgSOgKowsMYUE6	b73e951c-6024-42f2-9e3f-f3f5a75f557b
recjntxIUaydX8jza	bb9273d4-3d81-4a42-b4e4-00e64c2cb225
recjqt1Ns0UVD3d79	8639dc77-a529-443a-a668-f2b30e691971
recjraBUxublXuYvW	f36b9b5c-338c-4968-b5bd-7020331eee3a
recjx8pChqLY1tUrF	2681cbc2-70a9-4568-961b-180b976cf0f0
reck2syG11YlNyFl6	dd46229d-5fe1-459e-88b2-d46fc714589e
reck4IA7GC2ULC9Fg	d26d067a-e0fe-45e6-a26c-001cd7633eb9
reckAW3ygNK7taASE	41a48f71-a5b1-4986-ad3d-7915afdc041e
reckfGHY3GxhvoF6Y	a1a5fdee-140e-4ce7-a615-a3b8556973f6
reckjI1jiSpP4Y6dG	d618a17c-f456-450d-8b06-73e618c7de4f
reclFvzdSLdyiqoXg	a30f1c56-7cbe-4f3a-8934-156f6e8923d8
reclaayRSHblj7NC7	e0dd94d4-8abe-49bc-8728-59fbf345f7e8
reclblon2TjFbPdO0	06255932-b328-480c-935c-1a90b8e91317
reclfdg0xGClYZnNv	2dc92bcd-ef7a-411d-88bd-e63fb2cf7509
recloTKxEOmP07PcV	4983acf9-c4d9-4ba6-8535-887a3568a7c5
recloYiMER29bSxT4	4dde8135-a550-46db-99f3-245d8d5ec5cd
reclpHLB2DTBj03J5	9c9c1417-a961-4bed-a1f7-6e775367744e
recm32JvlsDrQ03Ch	cd5fce3e-628c-4d62-80ef-9b5834f51bf9
recm3kTjyh9GXxU7M	a46555ee-985b-478f-8613-e51e96427ece
recmO53S2z3w2gasB	515d2a05-5d53-4124-8a6c-5fc664cd9e10
recmPsouvEhJy2qbN	c01038dc-4922-4c8f-a358-e930bb73f706
recmiwo3YpNJuB9ZD	e02a7f91-32fc-4a85-b5aa-7f30a779df42
recmp72ZeZxK702XN	d12db88e-e928-4278-ac33-6b94808f48e1
recmurzhajhLYZ12N	b0d03a67-ab64-40b9-8822-3739a78ccba5
recmyosi9e9Wgew02	c01038dc-4922-4c8f-a358-e930bb73f706
recn18y4GZgBDFZMj	4ddd9a2a-6858-4998-8eb4-c45b81aa1e23
recn1L5KRsbKXZ0Z9	e22ab0a8-08d1-4487-a244-ded60c3a5093
recnGHj9Ur6erXrZZ	0054507d-8dc0-48cf-8c67-91a46cdf0d25
recnJE3Qgswomwfs6	af1f8fa3-0e0a-45e0-abe7-44afa6958dc7
recnQIZbRnFbWWmcz	e46fad64-b6ce-49b0-ac71-245c272a1f05
recnYEBZL4j2ERcBj	26f909df-73a3-4f79-93fe-d8520a7e1798
recniXvvGnCK7sE3r	7c3ebb18-0b01-4dcf-8c05-01f547796289
recnw9yGN04hAyMji	22b2a48d-d8a9-4418-b506-db6214bdb2ba
reco3IGa9Fejyc3sy	5aac9053-8a79-4648-a792-740964dee478
recoFBitbVm7GI7Ww	7eecd804-e9a7-4ea0-a8ab-c5ceaf4d080d
recoGBPl73VkvJFZv	35aed9de-357c-4378-b860-29e8364f0f55
recoHTq3UdXK3bzfM	0eb4eb66-f8e6-462a-9daf-11e472c89c4b
recoHlpFkZnnAoB5v	bd0a0aa9-2dae-4cd0-8216-976d6c53b05d
recoI9GSQCNGiVgDZ	f4554eb3-713a-46eb-826d-41e2beff11d1
recoK3RgoUnDC3Of3	2507f248-4b21-4bf7-8a76-8953259fab8d
recoZjL8Dbk1OR2jK	c0603272-5995-4f32-8814-4ecd8627244d
recoaAN1VVAWqkwon	8c3a2161-605b-4aff-84da-bf9ffaa73dc6
recocSKykBk7wXMo0	28aa3842-5355-4817-a8e7-6ef37143ceff
recoeQK4YZkt5000u	b3c9160a-de31-433d-9814-86597839c08a
recognJ1EueH9GjCY	d5c2a6af-b06f-4d84-afbc-f23fbe58366b
recok1vuKmQLSYr1D	95d383be-7663-4392-af3f-28cae5f5977a
recp2DezYtQK7uVNd	9f99bf29-904e-4e64-beb4-dcd14150705f
recp4nrN1y2KGPzl7	942d0704-d01e-4681-aa13-483920aab591
recp8EVzuIP06HwAP	96435667-a909-4c50-b388-bd00affa6f61
recpAXjl6FoCYHrlj	b2ea95ef-7cab-4bb6-826f-954c2a376a28
recpPE1pjzuZS3zw3	560f0547-c086-4e73-a4d8-d7d73e42b85a
recpSmZd3m2aClJjP	d58b8a35-b8f0-4ee1-a2e7-7e1e3814355b
recpfpuo1YNF1zxEs	fff1be98-b58f-44c8-aac8-959597893df3
recpjiZHovt5R23xu	691bba6d-d836-4fe7-8663-8c19f0e509bc
recq1Ur1OtBeddJvv	45740ce0-7f20-4753-84b6-05a966f62bd6
recq2exsyt4blsowa	3f0e7b6f-0a6d-4a09-8b34-c5d8849c096e
recqCLotD7kSphqrh	326d0d74-1970-477a-bf2c-7e8660de94e0
recqVFzolLc5lXcse	88282dd0-f8c7-471f-ac98-bc862efeadea
recqkEb1TVSToIIoT	36fef03c-be80-4928-8836-fe04e8ceb3f0
recqwCSNWbXVathqB	6d8f6e0f-2634-413f-9fe3-27b9b95fa414
recr6xy34VgtdSncS	73d92e91-357a-4af0-8ad2-ef90a542d932
recrDP8RcgaCoSIsG	fe24b89b-f45b-4b15-82fc-5b35f7a0532c
recrFP3WwBkZ3XKyn	edb4fc9c-75bd-43a2-a9a9-43efb958a69c
recrRGqz2cwKT121m	d47f9d5b-30dd-438d-ba2b-f755b452059f
recrZE2LVyvI0lzuX	a41729bf-b358-46df-8085-45cb1237f574
recrwYmHAWx8Hx1x6	f13357b6-31fd-41ea-a867-19d152de6c72
recs3xXG52bOuj1mO	c01038dc-4922-4c8f-a358-e930bb73f706
recs7FIwTnEkn6emK	d210a5fd-9900-47b4-8e0d-38e63aa41459
recsNflSQyTc60cUh	f0567de4-e9b4-4853-bbea-bc458a79ccdc
recsOjrSMhNYjjsUn	caaf13b5-50f9-4650-aac2-a95a01231d7c
recsQ34go2TEuQO5G	298c6a2c-5851-4996-b78e-fb9862e5f256
recsRGXp47yTgMqT8	4694c2b0-523b-434a-a926-17d4f64ac825
recshdGSBhSBbL2lh	5bfdb1a7-2fcd-40a9-a669-8284a7fff25b
recssnTj5sD26UrmB	c01038dc-4922-4c8f-a358-e930bb73f706
rect1ifpCUHe0Bv6l	c01038dc-4922-4c8f-a358-e930bb73f706
rectC5kQJTWavPD2F	9945a3d6-4eac-44f6-a4f1-b81ee3fa6a52
rectMcsrCtFJY7v4o	2ebe5402-30e3-4aaf-97d3-0196deed59ec
rectUs67U0vfimBr9	a8bfbdb5-6fb1-4d9d-b08d-11d02b6a0156
rectjex8hmQo5VSdS	4181b89a-a223-41ee-941d-5a7a7364bb1e
rectp0abpeVIDf8Di	9adfb74e-46ba-400d-b661-aeb4c1a5f547
rectxb9QOzdlAWtxG	29804942-a716-49da-92eb-5a422638a588
rectxcTZnV3t0MqLW	bb027adb-ccdc-4d2a-be7f-c3f8d95725cb
recuAv2AUsms8f8qs	6c85fe46-c9a0-47ff-83de-c1dcf247b244
recuHzsb8CkQhJpbE	bf22ba00-7bdd-440d-b1b1-056bd837b62f
recuKJ1PHRox7tY9d	37d73c64-a6d7-4df6-970d-437658c40d61
recuNjQdMMMGCht2P	9296af83-2a44-4062-878b-5fa6e281a7e2
recuWBPKN6qvfmcE3	35c4ba3c-abed-4fa0-a948-ce7bdfe18168
recueueVDZxA9RZ2e	973abc07-7afb-4749-834d-ce32523c174a
recumINzrtPrFDcww	c01038dc-4922-4c8f-a358-e930bb73f706
recunsKmsg542UFww	2f50b8fb-8dd1-49cb-9574-75832e384e5d
recup1ou7VSDPZALy	419581fc-9069-4aed-883b-e0683ee22ab1
recv19QbPMpdnoVSF	4c213bc0-6087-4b23-94ba-ab75e4797a86
recvYX704RBBlMkxF	e8ca47ea-8313-4c3b-b795-fb8d01421197
recvbOuM10h3et7X2	f994b327-7279-4139-83e2-ea051ad878d1
recvt2NlasfD4QvOZ	f53e7cc6-c515-4023-860e-8390344c4b4b
recvx8aJ2xgNBRO7o	071b7700-badd-430b-8f60-43212c87b0ad
recwQNl7tqzBYrypS	694d2564-eb50-4b67-9c5c-c8362e9cfd86
recwijwr4HAkdYCUL	bbf41a6a-d7e7-4d83-be63-fb0f88d04040
recwpDzqPjZoYiUgi	dc1d1c4c-e254-4cd7-911a-9ff6ef35dd9f
recwvz2KrH6J6OGQj	e7d5e78a-bcd4-46c0-a98a-b4d756d83e49
recx05soEllGm4iuz	b7d67a31-73c6-498a-8a9b-51e5b34b414d
recx29ldiumC6v4o6	183ddf02-8121-44ea-8a26-186b0bd50c1b
recx2HWpjV4ClruKN	fd8d98a8-ddf5-4070-a584-53aacacca0cb
recx8sVcLc97DTTwL	50583dc5-879f-4271-a47e-2d69eddff5d9
recxA0wHPMtEnEVMU	c01038dc-4922-4c8f-a358-e930bb73f706
recxYLRbkuLanQ36N	f0f3b49e-7989-4f86-8c10-30ba9f0e911b
recxeJ5wol9ZvaFy6	554d4734-6070-4ac1-b984-5d559e6c4c09
recxgCukefr0s8Av9	b2a333e5-956e-42f4-a2c3-7821c2aa72ec
recxhmphcQPzu1SPu	5b573418-74c1-4f66-95be-9880bd0bba43
recxmF9DYr82Kn9PX	42d0fc0d-90da-4c29-9e0f-705367ef1ebe
recxnDWr74tJPBksL	9daeb5bc-6aea-4f37-8b60-1e76827a3fe2
recxvDiwvil9uRZzM	30d2763f-8248-4769-a02e-e9205a7c1a97
recy0eg4FX85bbEO1	c647a451-55f2-4ae2-99f3-f47f69cdca6b
recyBRlAStvf4VOyf	642941ed-1ab0-4ed4-87af-47aba9233fa8
recyBiOZ4YC4VqOXW	3c8c36d2-fbcb-4c23-9f33-65a049149a42
recyBuy2gpK1BdGyF	dd46229d-5fe1-459e-88b2-d46fc714589e
recyDG6EaVJOj8I2n	18240b7d-10fe-4f18-aae6-bb31812f4d35
recyMR0Ss0QjaWCWS	449cbac3-b928-4822-9f50-1e6d989ca992
recyZ5kM9tVQfSxKD	bc91bb90-a7fb-41e4-b30b-5ec0bce9d95c
recyiGMp3RmjG4iZ1	a217cbea-cd3b-4941-9521-8f49d8d449f7
recyj0Qeep4SpmiJO	2883f7c9-5018-4a69-8d6c-ea9da4a99142
recyjIpgb1f9eFi6X	8971d866-52d8-4b66-af92-7f1ed024e34f
reczJoabMXljFySNx	d8979789-e8a3-45a2-91c9-972454b7ad92
reczaVivguWTFvELR	e7e99936-f124-4e35-ab2e-de588f81bffa
reczarayjZxokMJzW	e8c29735-8406-48f6-93cb-04ddc225a21d
reczpDXtiHN6GTO85	2ea78d33-f29c-4f19-a8b8-826899602338
recNI5YQyYxwwEyNK	c6ef7c2c-dd4a-43e7-87ee-0b40a2b49702
recrpH1lttNvP9EB9	805ac6cb-4811-4226-b18a-580975fddc3f
recTBi8Dm36WbhNj3	22eee29f-48e4-4614-ad4b-ba8b6b7ba2ec
recxhk0fyVHJaRSZo	8e19b0e9-9b0d-4ed4-af1a-374700798a7f
recz2ctLEtbcqEv0g	d75decaf-4e25-4719-a991-d582067d8cc3
recEG6JdtY2c8gjuK	d75decaf-4e25-4719-a991-d582067d8cc3
recoBM988FOx0KZ2u	acdca0d6-9dcd-451b-b85f-e08a45585d59
recVK4DKaZg91T25g	4e8422aa-7a28-42fc-a5e2-874ca368eb02
recHzKqQj3ryrzRKo	37969a53-8679-41c4-8c46-faa66afea473
recEuyYj6wXYnSzaW	f22a35e6-1f9c-48b2-afa1-246e100f6835
reclRD3xv7ayoRxH2	e2cec263-4755-4cae-9839-3c661e89309f
recyqmgJpCpqQhlUQ	3f553c42-5dee-4a1d-b2b9-fd4881768fdd
recxTExACLrU5C1sH	a15e11c0-33b1-48e4-ba0c-1086c5927960
recQHMykLv1RMHW0H	00f3843a-faf5-45ab-ab7d-9cf1c7f0db90
reccskE3v44yiRPtA	2eb0989d-91ff-43ee-9962-c277bbe60734
recJcR8GGCdaSaHXq	9ecc8e89-c35d-40d3-ae18-f8c80ab5eb8c
recPFOMGTZoIaMF7S	4ca8ca71-36d2-4a90-963b-2d6aa2eb06be
recgEaYkRmUYkFO83	51059d31-94ce-418d-8727-3b16a684b1eb
recBfkVKib718YVzn	567c9a28-c9d0-4a1a-b70f-510d023910cf
recVgif65vgvi6vHu	aa498371-c463-4334-aee0-858c00567026
recRMySJxRUcexGbA	29040e52-de8c-4a5c-8bff-e7932425e3f4
rechFpwLbDfrplizZ	2f72f545-f875-4ab3-a9fe-a96382c71b22
rechI8GXpzhLq7Gwg	2b8c6019-ab31-4518-99fb-0a981992b6e4
recq7lk0KJqxeULMj	a9a064ca-4837-48a4-ac0c-d85a6efb35a0
reckRp7VFt4CFy0Aw	c67a8b58-5fe2-4041-9f51-619f66372671
recFJ7OWy50IkUIvh	756e8a53-5910-4eab-95b2-c5f6723dfbd7
recIf3Pj1yKI0HUwb	31b89882-e13d-4d6a-a632-a17a4ce46306
recg5i8X4sh6PeZi8	80bca6ab-fee2-420c-bc01-e93be5c7c8b9
recxQkTizVNNxCnw4	deec61cd-443f-469a-b8d4-6f5d753dae5c
recHkk1NhLZAgQHQb	3f287177-564c-4186-9975-abaa0b1dd0e0
recOfQFJqEiZBQESF	35e036d5-be56-4f3b-a62e-b116146affb0
recS8YH2wfyKgAGHr	9f086ece-4cda-46e9-bb19-5abf86085446
recgvGHjFLFtlTeYO	3fbe54a0-78c5-49c3-a2c3-5b596450fb95
recW7WQ9rIjXYzVsI	26c27947-a114-4045-9d50-25c9db8028a0
recJVpFzGNYXQuVuw	fcf59f3c-0b03-484f-b453-b4ec1f6d0751
recQiUp6vGxpOhLN2	7acf8fb8-176f-491c-a363-04085fb2160c
recpHDEKpG12oW7gw	0a327d99-886b-42c0-bbba-d5c571c8e069
recMlHJOaWHsW9c62	06af439e-78e1-409a-a475-e807c1c13853
recmzLwHacsD5D8p0	4ab5762d-65b9-4ae6-80f4-4ff5dad8cd94
recH6HSKG63yGE0ti	c77b4830-db22-4e12-885c-b19528af6406
recAQUp21joda1Kc9	8c5312aa-10b8-4a2e-8db1-ab3c0fcc8423
recyJojNdsNvSohdm	b5fdb609-aa29-444a-b57f-59ec9acbdc46
reczUwdoHMxsQ0OsW	e9a95352-1cf1-45e6-bfc5-8aa8d7ae6611
recSUp2bFLWMb3r50	241bb618-805f-4ce7-b402-b7137c455c9d
recNiHPIHRVN0v6OC	fe9f3bf9-0cb0-443a-bf88-98ea862c258a
recLZwi0PE12dVwwG	63b7a6df-0454-47b6-92c7-9223169c28f9
recUV6Bt4R52RGMp9	8d9f9882-3ee6-4c1b-8446-6fcd5b0fa3e3
recUG4ibgfeObcNB5	b2529748-f767-4791-9ced-b905a06f6270
recOZ050TkTZGwi3t	a9845c89-364e-4ac5-b425-6e00e36dcdc8
rec2gXOZteEarIlH4	acbfa81a-b48b-4a0a-bc4d-f2ab6ff2281e
recpNSUBZKV5RSVEO	b8f8526e-f799-4c86-955d-fca94d2c3e73
recyWYNQLdC3Elzwx	d6c959c2-fa85-476e-bf52-9114f2164785
recu02HyOdwJAA2gM	91ae3e38-a043-4c53-a02a-ddc900f2b501
recUyGGPQ7BgRjLgD	5f733e41-5b40-4330-bffc-b5b5d618f9a0
recyGAHx2R5hNigNh	217e9f4d-7501-481e-8178-0e4c7da38bc7
recev8lue9pqvKMzU	217e9f4d-7501-481e-8178-0e4c7da38bc7
recp6pRrrJhXRoW8i	5498a4f3-5de0-4a5c-8f99-bd24df83d61e
rec4QiLZNPZxmtWsq	5f4b5e0d-2a3a-43e7-a5a8-e5c756379791
recT2YxAeSLemmtKT	fc12b240-637a-4b6a-9018-587b2c19f7ef
recsLB331MQfdqLhH	a57bd96e-b44b-4681-b1ef-3042d34d2a3b
recema3330fxgCFWe	2fcbfc25-7e63-4590-b07c-053d18f8e6d1
recIWNF5L97MiruIK	0d9ab85c-aef7-4018-a9ef-f026eb2ff67b
recVqHkGB6ielyfsE	bb780809-a133-4b0c-a3ee-3c68e9e9fae3
recdtoaQNNBF1rUpo	423bc4b1-9aae-48e7-9416-b438bf0bedc4
recYM6AmWaUIDmXLo	c7af81f8-3819-4d94-a868-868d3daa6d8a
rec0dpNKJb8f4L9WU	34161ad1-014a-4f1d-ab98-04c6fd243287
rec64DGx6UsCTIKgO	22a033a2-cd43-4bb4-8446-683ba87a0391
reciCH2SAJT9E7oZj	b5c9082c-3a70-4932-88c5-5f0aef2adbfd
reclyL1kJz7K9mKCP	752b54c0-ff90-47e3-8aac-2e7fa2d76e37
recg4fsRJIanOw1Au	8f326863-a7fb-4d5b-8ab2-5f9906f536ff
recEu012jRkCQKe8G	5bade30d-2e6d-4df3-8054-5f7ccd28f24d
recCrm10S3Awga4Y8	800dc749-36b7-44e3-af80-3292729ed7dc
recvuPP6NmvoVLqgI	ab7f9bd9-0a34-4372-8ae0-ab0595980484
recfr289EllJcGm8l	61e51b79-9882-404f-a976-8a2becff24d4
recv6BEldgC7Ws9YX	1eacb501-09a8-459e-b102-7eb610499219
rec5Otb4tkcB0F9aQ	dfcb0198-2652-4077-97ee-e89f63a0c259
recr6qs2PUdVbgYMY	c794cd73-ff6f-4ef9-bcdf-c91338c7c16d
recsh6HePeEeUWKSM	50bb1c2c-edd6-4355-9cc7-9cfcea06c25f
recNYS04QxncmJHQ3	0ff076f1-2e58-49e8-ada2-d687fe526141
receMESYi9gc6YHtJ	8a03427b-73f6-423d-8c13-b6a279adacf3
reckaFcslHLGk9GF9	a9165049-d5d2-4810-bff2-37702e01101a
