rec02BCOXzobUaoMp	i-986bf7c2f88103c050667e43aece0efb1aba4168e73ff199fc8b29c854b79819
rec0BYx3GmmdGPL1a	i-405fb93586c1c032aa0883213230e71a2992ced4d9df9ce086e0d498c4fad59b
rec0rVtFZ443BAnH2	i-b4de9773ecce761de3cd78b91dce37d5e2a4d319a5f5ebc549e1cde294a55464
rec0tjuSf1iwHmYM6	i-791f996d36bca1fa075bec691cda37d9184ab3b0abe05de3038004847338acd3
rec0u9Ln4Ah4SLJQL	i-eea09c40d8ae87e8f23b1007d0d1fef6ed1e890d9c0b123d4209883d2f6fcfcb
rec12MYpCnOX5Qwmm	i-efcaa3dd35051fbfa48e7f966f4f8cb79b9218dcb57bb0b5f7ad0d34ab82b94d
rec1AXLMBnf6qV2Lb	i-ec7ca280c8aa49350e8adb50ede95199534c9a2db71002c41eae6e14f6c56553
rec1GZekKtrewsft2	i-150f735a1a0740b4eddf3943ce0c3b750a02ca7cf72bc40805fef78688cab7ad
rec1TGKDhl5zA9jCv	i-6d273532a26180f13fe546a3ff1d4833d6a0a14246d1e502a360c7906ecbd7d2
rec1UidvakYxRoUzi	i-fca0b83e7b7fd7368716b9bcfdca2496e5380af66faea94543eb569c6702aae6
rec1dgaKU4d5oXZF6	i-0fdf8b7223ea206da960373ea316cf42456d6487d81da9be7f63b9353435acd5
rec1jy8otHBG46JdP	i-dc7db5360182e06713a7adb26b3ed672266a205cb531f83148f26fd72134a26a
rec1jyPpDVCr7Zi0e	i-0659f3883e1dfc24c9294961990578073382471d4c8bac7b882046a84d0788bf
rec1kCTlLG8m1ZGnS	i-b4b63d4d525cf18596145a5e8d48a86f90593d60f5bc2252b6f65ae8a3b363ac
rec1tDnHfacqxEbiG	i-2b778b0527582e0c42707553320f7da1c8ee43d321c67a4dcbbff82703c25b74
rec1uisdaACVTcyaP	i-8ae980b6ff01dfad2b88078f4cc89d62f0bec1737462111fada6b79de642951e
rec1zp0AnUiDNTkXq	i-35194334cd179a1cbceceb054f297d2616d64ecc259745eadb13a73521ab29ab
rec22xRepTqW9LxPr	i-0c90173da6470ed3ff5c242981127f1438ef97462e8d205457b8a4f8a202ccd5
rec25eGAvv2OObCdv	i-616846bb095fc0616df2c2424283822f1b4c219c787f84645712fe64d66df3fc
rec26prsBFhdfNnUL	i-e85dd790a70ef4668ee19f49ecd4793752b162a11ef891a09d5905f94b803adb
rec29E7TI6YYBruWY	i-550592ea252a6fb737acb171b51e99fb85282e5144cd5040140c83f192f134e0
rec2Bh0zL9YgnLvH0	i-ed0e5bb41cd87149876bed0ea07c28e6ee0c448b113ac75fe0dde50643f1097e
rec2Bo0gjH2FhIQRV	i-688324290cc35ec4b1ba45be9b294504fe1d252d24cb694a8ff6418bb6151420
rec2DFH02BWrJe4aI	i-a8a89bcba65f10f1cc8d0e9c7ac341b08ddb86eed6f38d6037373bbc1a052cdc
rec2Kv6espGHbgyTt	i-8855a3fca7d2398d29750ac24a1fd8636e548f84b68032affdfd7069bf19546e
rec2Ob9WkzBCCSuF4	i-753342c5d2df9d0d3d86d7a2e780463d753ccb970e32c304c1f9e6fb867d8b61
rec2nzG8wfSWlSsfj	i-027423b4cd46030a5cdf876dcf68700a1e78d50222ef5bda7e7f22ce7e8a5c4e
rec2wve3nOrqqzllu	i-a545956b05040a90ede5ebe94e832188e7994a39a585da11e804278371898d91
rec3E4YS48UdYG4OZ	i-f598a9a8a6fd17725037ea00316b27c1f96e95cfcda097340f8af42fbdf687bb
rec3NvY0v1iUaHRnV	i-4a050c2594f6fc9fdfbb6dcca55719d4e77a4bd51d01eb3d9c819d01b56bcee2
rec3dYUNF0vOFy9Br	i-99d6aa2a46b134ad969afc16d31067ce36043128cd06f98e6a23167b3fc911bb
rec3nXuZmwdZEPCXw	i-7c1f3ca43fb39bf0a9bb99c27d73b4994bc794c42daea75fb1ed79f083848680
rec3uLqWEuuO29ggj	i-a5ad1d3cddf6683c7cf49e00660c9c04f19f3ff9b3dbf3daa2dde0f0a7309ceb
rec3weVTRjWDQLEPf	i-66405ad44ebc146a9e905e2efb85f695e74b09d06be16385fb48d320188b5fd9
rec3zQeUOLvol4wam	i-f650e88d3214ce5b8f962f4707164efcf7ea0e23c57aa526f0e5e1b9113ee79a
rec43jDaCQ6VgF20O	i-3d49bd83f5aa7443a3b1035792927c0ba0a8bbce1b4420c58d39bc57e8a251c2
rec4A6j4uwx5nM1eX	i-66bf7910ce9732264e6d3dbc59ea3e506dc3418c7658b134498bc47d2cfaec78
rec4BlNMOXJHzE5MD	i-44f423b072c0f310c27e818c72a213ae0c66651bfa62b465d0ea780db429eadb
rec4IAHkvTipWtpPP	i-1f11b5f573cb7b4a6554b65d2feb591a2abd9beb5c14f296b74e25f11d67acd2
rec4IDXrNje1rFMVz	i-9474e8be4d4f830f310c72d51cb80ac31dfc86b59defd1b7d3e1731fb8f013d4
rec4L0td5RQIaffKc	i-d62e53f2c407e24aeccc88a67d2da1fda7d78a31de8d83755cf53c8a778d9e12
rec4LLbVvTXrfHAuK	i-cb768eca0e6456258415070af98e618945b2dfc6b892055446aa5a580a55564d
rec4Q79wV26SBs8tt	i-45ded808e2473fc2f49445f78b7725d0a115f7edcc1041f6419e2f8ba4a9edf7
rec4Td9C23biM407a	i-1b142187ee0d820025b08d8621e83b6953481305464c0c4902d80814e8c2943c
rec50IsKrqzOj9YTq	i-67026089757cbaa28c5d61d6d0bd854e95ac2fd27581f5e9c9dbd043ff5ab4e3
rec5BqQS67c2hkrHY	i-f96905312d5ddef70c29c80f1573b7ad1ae081ea752d9721bcf0ab34ca635b38
rec5JoovEBZhcBnMX	i-c079cd646c0a7913ec0cdc167dfb2b4404596f39f42a0ac8f16575eeacf70221
rec5KTyd3P9BxV1sb	i-dff862575ce953e368a648abb9c09ca58b6b1f456a433d5611287b98fa856a46
rec5MLAEvvaUTeEpB	i-f02346ebed4331cf52dfbce68c4332febce0f056ca88fc69e13daca6868bdfbe
rec5Q3y0TFn8XCiYR	i-9c6ec57476054ec4655eb9cd3ace3b8888535400888cbf86844fb87e03975ddc
rec5STHZGSsOVsbx6	i-120054605bbe1ae0f754f734049e2afd6d516ca953cb4f4d0fc3191f5ed157e8
rec5Tj3syfHJQ9yhU	i-3580cd3a1ce5c98dc2bd8770fec6d1bb24f8157de78b5b532de0f877bc25e85b
rec5Zj2UqzqFe3dlE	i-85a41a4a237250d57269a87bf41b752f32f0b63c9452af71468100803b8bfd4f
rec5iQnQLOwm3OLZD	i-533634c9d5dacfcdd2715039ad95647f347042eef61ada7707e8487dd631c030
rec5kkQ6IUfM2PFl2	i-f6b122d0a466ce66eb700505e3c5a5832fc9f1b3ed9414e496b8904a13f88e4c
rec5oy47QqtJClmGH	i-dd2e8eb17f06276a2dee06df6b21dcdde775a80e6b50116303a2cd5184447ee8
rec5rbw4fzI0YGVBF	i-b6e5430e2e6fb97432f442e2f6da97e5aa53431a2e8d36833d7641f5dd40775b
rec5ru1QQxo11KKyC	i-a1d46fa181f4149f75084638332043fc526fc356bfbc271c51e6afbf0011cdda
rec61YunqbrwTxbzL	i-2d28d6a35bfbd5631a83fdf9e4c784ea3cff0e2c3ca4b9b3707260e4ae550b7a
rec627srvoZEpZpQU	i-4910112e55ad6393f3852dfecfc5ae93678c129c09881d53f62c1d8ffb5351d3
rec6LGcqmkjBsmGBw	i-472f80893b36603e8b2919daaa004990beaebee26d3de92d32fe079f139f431b
rec6XTUTPmNBbYUvu	i-716a099a602cd9913bda752aba244ad1777e0bc27e0f06f4ab7d8cf91461726e
rec6ZLgJERDrnzIV6	i-0ceb54c62b047fbaf21763022bc099c7d6395bd0cb0e1645ca9cacbeb0db058e
rec6gjTNkXP2Jj69k	i-43ae053f7d1435c32269c3d152dcb6d858333221a07819776b25ef2bf340bd16
rec6mtgMMHmozP8nU	i-3d49bd159902178a84c65eb3436a05509a930e93aead3bb4d7bf0b102c6e864a
rec6w340Gn61tfnEi	i-e5bc021a43da955ed8944c7d9ff7d71e782a31cc51b435a37e4f35bde6c5655e
rec6x1RcZf5jghXKA	i-8ce26ef0410543d10c15e3d225a05920673fbcbbfaf967e13c70b1933ed2d17f
rec70XWwNj6otDX0e	i-63b7dd9df8617ec0a11d80720285768f9606252c6a457ad24d8b1e96f0010ebe
rec71t5YeOOQuLAAt	i-2da9995147c7a1f213462fdf6164e1398d37eb44fedd2b6f7f422053ca0bd56b
rec7CiBZDfYU28BfZ	i-06f60c3084486bea4ef9292ffa152f7ac70ded993bda83f8ee0099b4971f6e73
rec7KYpWvzYdSW9YW	i-8d5438840b029e8fa88acc8dc52b2434cd866a23ce669e2e4357093dddf9ae17
rec7PYvBnyyzh7aWg	i-6af96fc6df2452f7635533e6b962f873db52f6800f1fe795f3ac6e1424e35921
rec7R5r7LC90DXRXG	i-f0db6efe50e95fd8b8e1f9c49a548713d9a5c01965e4c5a91adacff28bd25898
rec7VFa9vvBOcUW22	i-5cffd3285b6b6df0ecf431154e07000ec8fec4c896b26dd976a435a30fe52d32
rec7YgLpb3w0bTvxN	i-0490dd5ddd4b265a6dec2921c77edc9faf15f08e9e580c2c276bd610cb2d810f
rec7jKHkgcvaBVuCd	i-6baf2eeb8ec4c1922a8be794b503a7854346ace650001531a0b9dbf65e0d4c48
rec83FTaTdFsYsBRU	i-aa4fc7d9d6cb0595fad35a9f0a711987a5b30dd0a2adabd85ef3e0be8e1d0f21
rec8FauLioEv0ia2m	i-470ddeb836a197d665e5c7cf96eecb95d1e337ba6d6c79240caef8f726ead35d
rec8LrmIDOZ3XVQiM	i-85c4ae34bb1adf37e1b23bc8681f46d74622dfd175242ed3e0afe41850dc4195
rec8SXhwa2lFoVYCR	i-472aef782f0123ca4c479ddf2d422b5b6acacaedcfa7b86c8b3a8581501cb822
rec8eoCRh0capC0Cj	i-9abc924d7df4bf844c94ea6f63668b824ceaa36a6e7a2528f86b08372de2fb83
rec8mpRHNFeTQWtME	i-32555d985712417b617ca71fb49b6d8282cfff6eccfbf03f873e2569fd329631
rec8oLA0hgOZ6lO5C	i-7cd6cf43c1ed978399b4461201ab8402daaeab7426f90cf194feae1971fec82d
rec91fz1jSfu0pKRC	i-b0627cd8ab41813d422b40489bef659731d477bc3abce5a0cc044ef30de0a799
rec91miU01qyD5DIW	i-b39bc13f4f21d367e8c404d07c3ed8efb228833dea2121aed15f226eeff757c1
rec9DvHGaf2gtWw0P	i-a71812021ad9b7545d7d9a64408b9ff76c4cf9e6ad226dc43504ded1ffd78e34
rec9HJpPoRD8VgV7Q	i-bf52a8c5759d3bd355d1afcfb824a7d96bfa3270ec2efea7be5f013ec357b8db
rec9IdaXV4H3qwJ5i	i-14374b08f235f1bc13aaf5f1a3281b54adab3c5528818fd9e170e290f56ed2d3
rec9LJIw9r9qD8bLk	i-776e9dc79e226574be57e552201fd8e618423f1aef3ae617c6b039bb361d08ff
rec9LYsIVPyIXWQOh	i-87c9a909913665218280f489260154bc840390eb9d3dc8459353f1487da29261
rec9M6zQUav5sWrPx	i-aac3d1c11354dd54eef0f73c40e92886c3d59eb25bce6159432cfbf014e9f86e
rec9Of2KiVQsJy4GB	i-7f44c4039f61ed7daa4584c9218a570e76142c937939995d4462521ad63fdd89
rec9h3bucqj3veKmm	i-dd1dbf5c2d737cb619963de5df023bcb3dd78b101a20e089b5eef30e8156c1a7
rec9pz6F0AuPnUKTV	i-2ed0d960694bea088e614411e6ddc6b8b7c3b0b1288ce1393c88880e2e69d7b2
recA3OOv3MVxrCwh0	i-95cabbb2533d12e934ca042fe28c2647a3d69efa26a1edd24afab6b93607323e
recA5Rf4exUhzLIgY	i-2c72f64e22ac83d262bd330e7362eacdb634e137b2ee52b77bafc6c5bcd197ae
recACUHNDjPsppArg	i-fceebf32eac9b20d9ca2c54371369d0393e4f86a7cb684444a963fcb0669b887
recADXGmMrk3hHi8s	i-fb6200f281d977609132d425f2542c2240ca9eb2729ede612b52376ec02be919
recADvhYrigHuXu1B	i-73ff49120f4314ebd617ad349e108852032bb37b04c776ad72e2c4aa4d03746e
recAHDYUQakkUbjTy	i-84f26f24ff291ecd0dbde5074c2402c3ef45f4e80d1981b29734f86719aca31b
recAHKm9sKeCXyjS2	i-081a5b9ffdeb4955cb6c23140c8df646dc947b8cdc82eea84cd194f99cd96bf5
recANmaXcQQtgxMAr	i-d1b5912d3daf17ff3753a5ce8f08b38d83a949271a17269d2b540d56746c0bde
recAP5YljJeRKp1hm	i-1c9473d93aeaf2874ede7eb224f29d641760af86d31a5f34c8b2d4c1e70da2b0
recAPYyQj4boBkv4G	i-9ff771df852f41bc0b8a9eb443e6f1d28632c27aae48c53ac6133b0be150c71b
recAczFuWBdBIfzQb	i-3a14c3b12fc8600a6d79abc53daed5c90050043de04c38e1abb178767c50c38a
recAh1SsWDe4zwfmu	i-13eab0b113efb957087ea5cefeee0e52896d5e0d54877becdfb54f4ca178916d
recAh69idQunjGvtN	i-266853ad7d3a4815087d1ac4841aa12c39894c8b8e9073a2a32bea21f79ceb34
recAjX8BWj9SaMQ7o	i-e8eb7b5b59c260a422c5df70c935890718fce29acdc566c7f4e2b682754a6698
recAzTLeOsd84D4ii	i-4b0d6b6cf78a83cb1d77f2bed5e9fa0ac43d83fc346d6b8cc7636e9b18de7a8a
recB4tmUg3mF4JOds	i-134f4f69b047e0e5ef43850793fc142bd57bd7bd4c63faa86daaba5766dd11fc
recB7qnd1gI3NczHd	i-028004fe2a0aba6825735ca2772d8d7b7d8dc3a2350d648ba8d9c2845a441551
recBCOCBKd0RD92Dk	i-2c42967bf8bef341202f9327be64269ed75f337e5fa43f6d1daee6069ddda4c4
recBF2owjUVLKtscp	i-98a96dc80d24204b95813c6ca8b53cbed379e844b26977f928c7eb1d2a67b1e4
recBIjdyOCk8YLvSI	i-2af2640d55a46d69f0dc75ab9c0ca92ec9f5d894c1fb56647a4eb065bdbf9c2c
recBMd9TQS6dsXrWc	i-eae33fbcb75295a8a35a17469aa7c9caa9f44a2277a3d441d0c83c9a26bdd07d
recBQtP3di89BRrOs	i-4ce292fbcc8190099022a785c6f6bdd4a9643c714defe59e064a243f79297b23
recBSAWOnxewmbN2T	i-5916e5e33941e5096af534aeab3062d64f85691ed1a0a5ae71e99117773635b8
recBWKGpXptc6VDF9	i-d7c8fd4c18c4dd92a26d988ef9593f27273925565a57098573d275d85dcf2107
recBgls6BseXu7dx2	i-e72e9696c14bb15bdb2b9c1137a6dd24342ab7517070d0720db3149fbc2e158e
recBjFwg7RNZ4T4q5	i-5b864d92a0ce5634ffb2dc7281abb39d4f1144397f904206f7e2a636621391c8
recBjNYzlwBD0DM2q	i-9511d4d0640aa617cc6c281ad1cc65c6a557a7a61c44c7ced7842bd6929db100
recBpDIqKGo7K6zYj	i-37237b64523cd2dc93a7142e17c5c940420b1f024726fb1fb7a55a36d4d8b27f
recBpMyjpfatfVl9j	i-51d1eb3dc2533bf4bf81c5cff5584859aa69f502b2384d1be9806a2d7b7833a2
recBw7QMjblejJnBo	i-0664f8ddb4ed44fe635cf326c1a4273392fa83745e0ea3aac1a21774435d56c9
recBxrCm8Wlhj7CkR	i-829aaad502bd85630032036601a4b710850ad10b275753572a46bb97456d1617
recByy8ggkMTHa52n	i-040719b6fbd8746fefce69f05ef5e95a6047f670df4a27dc6414a0e6db61415e
recCFlTLw737b5riz	i-c050c7eb5ff6226474f68a37f50bc75c683fc9ae91ab9778488add96f600ccae
recCcT6NVfc9pn9xh	i-d24de6c169c83bb4207dc6ceee4d5d0d67f018d6a0b19cf7ee0c1daaaa004de0
recCg9T5Nq9BlGi6x	i-05676c8b4aa624fc6e98ea475cd2fdb38289bd9f1e1015b36734516c636a94c4
recCk5NjGgqSmJ9Bn	i-a7ba088e599cfd0a4a25448d87f436184e351ef6c4f1ade44c9f4a3ebab7a515
recCo2PY9G8RI1kOG	i-e8a82dea3bdd2aa11bee644d281a233d96404dee34094acd9c5ba3761e0c4435
recCyVEDCbPgsp4Qg	i-7351d5217f660f5bb4fd548deaf0fbf553519ef24db31fa805bebe6540a89c03
recDB4mP1kH5CdUGW	i-de3ba445ff7ab798f0937031bec72c10a9216746b33d59a2467c463a72500a58
recDjkmLws5kdyDUI	i-163f49be205d67d9e9ce9be84997515a7d64b9f69a7ca5f362ec23cec38e7db1
recDz5JfKHUDIbm8S	i-972a4046980c3fa000659163a937a607bfe755443e7d082c993a9393902298eb
recE2uE9Cbll23IxJ	i-46a300fa5923501fe7aa533d783fb50af47a1a050196046aac38362f2fed7ebc
recE7vzkJRUGsQnQC	i-f540313e570393f599100d568d84d13a44eccad36c7d444ec0b4b5a340eccee8
recEFD0hORW13FYUO	i-0261c7cc2374cb58ad38abbd68a83555f0d44fb879d527e745719b99c3bbe88c
recEGIexdAjqWUNzA	i-b09a13c6b60a4e0abb7e2d748f4e69ae5e85a836a985015a87c002efb0719d7a
recEHbLdBTnq9ut8F	i-af32610632831291dca620c51254f70f34d7d66f4a4a8b188ec9fa883a88867c
recEIGj1uQOQTX7lN	i-466f4a30a006880800e7adea170f554dbf371b4fc8b0fb68c3a77bf972b0254b
recEMA9lDAFulDsje	i-c6b1e482ce82e1ad282cd31cc0bf9b1c16301a4dbcdade2161002c8466de8870
recESDYi9SZl4cs2g	i-d1f947644dd7ae547b38f1e596533284d78145cb5c97edf2e9ede58443ee6bf7
recESr5Fb6N00xukZ	i-c46840cb147986c9a905fafded008dc3c1c247dea0eb3647780d057a9ea28fdc
recEWlHQ1JCFvQRNG	i-5757892a89a137008b89480e389d0ee778496f4e6b6388b034611778d2e26b0f
recEg8Hu5K9aG66uH	i-0a9df1483d1d9340c71a09833f05146e1fc2fa672f5790d8834342d2c7896517
recEhnSiOXIJlP6qL	i-50ca0c64be3c86df4e793ba8aadfe9dca2c185c7da1c0828acdc318e32ebf714
recEwZlRr3VG4eX36	i-ba556109481e733ed8fc246ef21f106e9a28a0b540ae41252efba99ec3bd668d
recF4GhnpjWOwpI9e	i-2d7b90009f024f18bcb6417997e47fe0e4116095117134238fb46cb7d417c87f
recF6YMbbsrsqjhVv	i-4f212b2c303e1d52824c35f36852b9fb14029a15732977a897bc75979cb7cb71
recF91m82lLnzEUrN	i-ba32673a2844ad8ad341627566b3acbfa90b90a48214055799967153a9ae3553
recFP4YV4QzHujasB	i-f85e94a7aee987e19a78a00147fe0d47251add900f0822ce6d178321af48e97d
recFR4NWjNPVA5Ck6	i-43ecae8247bb678c1f1c91c56f1c540bf850b5569dffbfe59b8ca161fcb1927a
recFSP2yqQXSW8bNg	i-c817199ce009a1fd05b92b54479173bde01fbb3802a714ebdfe9f0bf7248975f
recFZSmO0gCn5XmIN	i-933f4c8ef5e4cebefc161fb3fdbaef32f2ec0e26a364dcf366c8a1a7d0b6c8b3
recFjrSf46jDzVcrx	i-ba73830aebf0a56426270a8e8b7f34ab386c605a7680d9f0ae0e71f7ac15b2f6
recFrWMTfnSM3hK38	i-0e46eba1655568823886ef0c5d75f467d8ae2296bd056516c8996e11c304c6fb
recFxJzOIXWfdQI7T	i-310402b2000da12022b865a581cc0ffa7bd0e7668f7809ac0470cae57c7c434a
recFy1YGepRyc8Wgb	i-2cbf6393db82a2a9110245b526f8cca567a7988e332903270147cf1dc381a6af
recG1XXYBHDLuYqxr	i-54bc99eb173ce74c1246badef9392e0ce11568183b0ff7ab7ebbb3ad4c6c826c
recGBxosnvGKfbUtF	i-c214c74c269149bbb3b9dcc69b3fb348b5fdf9796a482e559247c253a0e471d2
recGGnKYZjgVTlOe7	i-47983f38080e1b37c4527d9b83792a0f0f067f0e161319fce17cb17d99d0cf55
recGKWfcIlfux8Zpt	i-fbe35506abcc4531cad0616424c8652596f96c1dd112a74fa4de91813dc37391
recGQuupaJPS3WHZ2	i-e7c78a69f0e946a00c1a345c7fc3b61e63fcf0975d4969adac66b23396581b06
recGbd4m3XCr2xF0o	i-1fda617ddbbe964cacea820140c3b38e4b99f0581c55cd50658cf399ee958154
recGdOVCUgUbde1gp	i-7f8aa9edec307c58c1399ca2e6dd1c84dcea478fce37c3f482092466bb8107e0
recGoV43VcrNKq4N4	i-55c331f85c1acabeb682cfebbcee17ca000262c031d7d066f2058b09469df136
recGrvkCvaeUhwZJH	i-b9c863a1ec5e67161ce945ce3f43a68332b809192cb79ad388b3b5fcde953d87
recH8M19JIepF9z2W	i-abf811457a86b1b2751e65921ea527f8a4536ed3359bdb2c6a90546b5967e2ce
recH9OxOlAg5NQ3Sk	i-2074b164cb23b519adb3b24e412dba69620976b123f78aa02fc436ebb91c32f7
recHHfOu7RwJ29NnV	i-92985d6a716105758809666f1c0d49f1d5bee72c675da89ebba236d4d9c6759c
recHLLMViZm6cDSTm	i-51ea494e184427626a2f96ff81e799264738ad6e8fd7b2351303d0f98febbd10
recHtH5NbEzZkH0cQ	i-98924b69c2d88dac065580974a42f6709ccf369c21c40e9356055b4a5ace43d7
recHxWlpH3RmQRv0I	i-e4888f63399afe58feebbf99613b314d06bac963be635065dcb2374db918c38f
recI3H9nY4QlUbXnH	i-56c7c9585501fd222cc4a3e46c7bc156f6e0af3c8724c2117115459a14a2c7ec
recIALkkH8vDRZ72D	i-ae7b18fbfaf59cf2618d5f091defddb2e85b99f7b517c011239c9d121a7490a5
recIDkzyg6pjZz1mP	i-65649d71a9d617a38691cbda99b87b29fc299a4f147b644915ac5463e63da103
recISUFh6bCSrp3zO	i-0e77a9ca8c786c78f172604829a5fcf9a93d98b7956f827636c0e64fa016a49b
recIYSXlXHx9Nd8zz	i-7c3d9cba6ae78995dea17e0b797a1a641adf400dc73cd5a80142e7123ef689c5
recIkrBIqKczWIWyK	i-8e231ab1a4f3ffcba7bac2e6aa73021193eb5e85642e0c227980871682d7ccd8
recIogyJcw02iIh7a	i-b6e0d0d55ce2b3f3d7a7b74c6a8d75d4744a076a2968a8730e52b88f7fa86f1f
recItRnSY1grX0Ghe	i-64ae3f9c396df42e5633414b869a18775bbf4d3ca630e02ce460f0811311b2b5
recIvGSzsN8SOSHEH	i-9cfd8fae9a5399fa5f868cc60e603ae619b2ab3529f8330d6afc8e4a2c649550
recJ0bj9gPC5SYf4n	i-efb3122d6b9b3e2839c40409a2ad049a782b99bf40374f6f2fa47847802bc115
recJ8cfdbtfKkqbfy	i-36c532991fbe38db8f25e58738ba3cac3afb73d3e10e519d2ef557092d1f7b94
recJ8msAuIWbIIHjJ	i-9c4f5121a8fb4a5d5386edf250de4dc9e8d29af563950ca196925d0cd95a2f2f
recJAl9HrHBGDev37	i-e1bb6bd85de5e8d0b4c5ac59271b1d304e06327381e187339f52bf765272b70c
recJI21GPl28quHZo	i-8b8f5be699a3297c2fcbb97ca128f506850225e9fcee152251a9e87754a991f9
recJIxSjof6sNJCFp	i-f04cef275e1a20f2ba87a0d2e96471f96f7c79c2a1a302ef779f6ad7af953cf8
recJJRM87xpyiNS1U	i-2b34142107c1e87ff852448d3e8c1090d145a80c19926eafd6f323746682832d
recJUQg0O2sm3Mdlx	i-b2aa96bff82fae177e68ed1a9430252c3e4068e6f7d6958f19a827d486a12877
recJhc8FAMoV0pEVi	i-4ed8bbe886a960578d5f6e8d3c9aedae141ff90b72d58f03ce05a7ff7c35f7d4
recJvlvhK9Q6Q6vrn	i-cccbd4b095b5fbd936377c0e028380f604b762eb697186c88b710f816c9f17bc
recK45JqrBilyIgdu	i-21af35299f87a202d0eabed9177a53aee68cd0d9fc41cbd9b452a165c7927c08
recKF8nrnkOgvMpZr	i-474c1662c7c40b88fdb5596fd3e14a185f416a6bb617af3bf91ae53c9280d6bc
recKWBumwC5qr63Up	i-ceb33ac28f3a3247f09f9b951c9fdcbfc9be7887c0ca42272beaf80c5df9708c
recKje2kraOi8RONc	i-d4147f5ad4650caae4c170f6f3ec19742a359e598051c61337551ad10e9d680f
recKmA8sq3828CLvx	i-4c877c9966233d71e9cb2a89b62ae460e687a2d9fa76dea41135e945390251c1
recKpGvkqIwz9cpJ3	i-3724f167ceeea744098bc048e6d5a98e5c61ef0af6e546e77a2f596e7b271316
recKzRjqqOhXiDk9e	i-4f60af1d66add56bc0c5ce7a2b40ac2f27ee675a1f22442eb15827f3da226fc1
recL4qC4XUJWFvcSG	i-dc9846bf75daa2394ecd0633e9ae2ec362309806da6ab18490adb0f057d7c1cb
recL9WuOOkUxaeSca	i-661f445902000adf43cd88ba72f04993d13864dac17b7d4cd1aa32ae19ec0183
recLLSchmVsSwTd59	i-b652f5549cff3a9d60ef89b932a35444fce06e335a3f0411c8a7bee977b8834e
recLQhq7jdH3YyacH	i-504e102f06efa2fda2241943b128c0987fede1fda18ebcdb2d8664707ab77c40
recLTo00xNazdsYC2	i-49949dd31e7fd0658e48212a60dbe8e81e2e51b5f0127b9b94de54710ea92aea
recLX9ZgXPU8vyyEQ	i-626482e917a7298fd9944ae7cf8e553b131b5d607a3b281341c439771b0e8124
recLZW7QjF211OZYK	i-dd2986d58066ec628be4b62eb3c4e847c7fe7f9d1827145b164b477d176f7e24
recLaxqi196zvVfD2	i-b5d9b38e8138c4843b195df0668504e1d0d32e011cd6f634b4fc342d2fd9c8c1
recLf3elI5sjuE8tQ	i-0d7f1a21764b046828e759688bcacf18025533e8e5465ea10b96f7d1e7e362fe
recLlrDk6jvNqUAF9	i-9312f3c50f3b333e3482798333c33c22edb77aa6c6fd76d377c85f756039b1a7
recM5AuJAFsJl54AS	i-14127b7705ad525078c2ff236b8ede20067a6b1a503ae1c06d4d762f7474c882
recM7YWd1dsSqUQCh	i-77c8e51bcbe160a91d89d1ddfa9a892e96ad482f603c5bd918a04780d09351d3
recM8Qt49VcPDdsk2	i-e030c18e4519bfee0168149ed7ee0255c2796793cdaf4db7126b47433a019a40
recMOB1qBIo03kjpk	i-c2c5acac6367d1540ef27f1114a9ed65727f679e75dc822fdbb6279ecf09620d
recMPXZVMV0GgZ1UZ	i-fa6d9a37b53a343b4c71068c1e529787cef5957c556fe93211fccf2065690961
recMRIxYi6qhxIuBh	i-01a38e0e5a38d14d7a41a1558855984a309d200a3c5f5625095390ff2d25acd1
recMX68jUIxYxWcPm	i-974676c1b6587ff5e710625864812d6c268142800ec38857c76d4d7cbfcf38bf
recMlRYFRl8dJzuUc	i-ec27b505b7676ec948227abd11f6774b1df6f20949b6b1108382b698cea43f40
recMsOKsuX8t2D8g0	i-a8553c7560870913f4e6114bd94e9d45ff4ef067bb99b3eaaa402ccff27f8656
recMsjFqmtLXGpzaC	i-81a89e5c76ffcac2d483e35b4c14c748b1fdccb5855b8cad6d3f89456c3bd350
recMtYYccHckfoi4h	i-a19c4c84d6607b095e9f16ae7797453d9881a5a3c9f7bc54084463219a8ba537
recMtnWcZUNjJMR8A	i-c2a246f044449725596a57b8c5825e44297a4ef939c065950ce4695efde87e02
recMvYzKH0Lo64cQu	i-26ce10ca905ec1f688bfe7154a12dcc8e77b5b190688cd3c232e05387b0d44ee
recNE1WQ3DfRa6xaY	i-866c45611d7a648976504761f49705faac97990d5972f208472cf5836d48b652
recNQ9YXuoOLaMz6W	i-adbae0a37f1607db44c5d51ac10e5778e682a1c5a4462effd671ead8e3c422dd
recNhMekDVPUDH8Vq	i-0989714a8133b65f6831ede633f711d1cad42951f7b649e58f739ef797e9c75b
recNkX5DkMV8cyAFz	i-010dc1d206ef27ae3942f5179e6bbe29f1eb6041d5664a2e2eaf9265e841f775
recNsxDPCA1a0YmYI	i-900bc607be6351e9dd439da9d41918b4f7e9b01078b6b62aa52193090f733bb5
recNttDcyPeYuJOjt	i-0d79d9b5f3f22fc6662d4233a003de30f7633993525353414ca4e918e6591500
recOBZVOt8lcTmhfn	i-21c36d2715def6d7c9f641236b883d64a1873ad25a31a44c418e4a768c301d7d
recODa26eDrABDJS4	i-5098f32b88d23e2b9196bccc9ab1af9964aeb39f5b85573e387ac698bf9bfd19
recOSPBrDMpE98oTG	i-b3e511ab51e13f1098b6742d1291deaad28b8b76d8417ed5ebdd6adb5eac78be
recOSQ7OMohYfJpvP	i-614c48d731467c18d8fc47bd4be1769c31250938416ae29497b6e52f08ca5e1a
recOVkZnnXD2VukU2	i-956f34fb66e344170485ff96e2e28a205c7033b88a9c1d10d82b9dd7ce8f3a46
recOW2SRIvK55SMpA	i-cf7952b46e9c52103d9d56fcd6826bd4dc00d984e49d20c231bb9faf1edfb725
recOWfHPLM8UL0s2O	i-899f656887dacdd9f4785bd3e6ccb716d962772355cb75fc41e43469d3a5ed7b
recOchBbal20DY3nT	i-34ea71afb5770e7216ba85dbd845d73961fb0db152baf5a2143b544d8c694ce7
recOeBtS3RtCEZa8H	i-6544ddf6e4bfc941fb5376ea832c937a323c82deb967a796f6edaa09dc27e8c8
recOiB2z6uewld1Al	i-295dea5437e99e2d9ade233736d1a293753899a3eeeff65ac7c5848accb211b6
recOkJ6KNoNwL7ji2	i-3f13f2216386cbadb7283d8bf14097e4ce989b097380003c50a1a921ad4867a4
recOks10fwJCMBi3k	i-3929fcf35838c7217c8b1db4d2d9e531578c38650fba9766b85a0ee22dfdb8bc
recOr9Bi78NNH53sw	i-94ea21d11ecd00502218d12e3f4b09411ef4acad34cd447031072ae852be3fcb
recOtP35upfEQuRi4	i-24a97bb8dfb9d316b4594a3efe842afa6612c790762e2271cdd9b801e0b9d82d
recP9TL5yNRxHZNiK	i-bcb8f13b9912eaab5a29eb97ce14756f19ccb3717fc787efe0caa576cdd5ec33
recPLML6Okr0FdoAo	i-ffd7180c59274d62e62e62e6209986076b2ea06c9014a6d0ed3acd26f703f26b
recPUcIhi8T8DQh3o	i-8c77f149b97de64927e0cc1bfd26814f8c02824155fc805268e742e691745f6e
recPY6qRpF1VNkXy4	i-a44b3a79fd25eba7b2fae102e58f7f150d5de10354a75ffe35a66173d57d6a9d
recQ1drkgg6LoDTT4	i-e70a260939b5fa0e6a48a2ae240fe2b7eaeb9b87f23ed4060a244d97b5ebac29
recQ3n2kidb8CRBaB	i-7ee29b9648a4dd77f9f448419c4039da1e0994d5756e5334eec8993f9204b838
recQ5IW7aOFTij0LB	i-bed340f8c96f7ea596b23c5dfc7392201750cb6b12d66275697fe851d3b6e945
recQ60YiCv9mF4isQ	i-1a54172d2300bd45bd084e1cf95788d3e6e46f4219e3c3787dcfcf8ca75b5f92
recQBP1UIgo2QIG2P	i-d929103f4141203111753261b26587cc112b3fc7cb6a3e5f5648e9771cbc91c0
recQFO1BSmiJLSl0h	i-b78b0420e626032534cd0672f9c0c461d4c1250743dc17a403764b8163bc6590
recQHW69EV1Q0y76P	i-1ef2e2ea1639d0d20bd626ef694e02d6b573262a16635c1206cbb2ffe6cd558a
recQKZ8TwzHR5xDrG	i-c91f23cdec7d1caa0bf3762491980852ca8a69fe330fa773e22c59a9abf53b15
recQNkpxsdZbulwiN	i-8585058b5efab7be9933e291f86780d7958c3e4c48c86ee9437b97d37b727dd7
recQW5fqXEL2UllVx	i-75c0d8a5291165c33777b42aafd7df9208a567f8c8ebe803c8e6028e7b31bcc3
recQYoJkT53cFVPaX	i-79fe670a6a000956cc17b2334cb1db13cc95f9396be62385fb9a32369d8afe85
recQo2kxJdwtUoZDx	i-8ba987415c5997c326b92393f612a9b558e57f5de0f92c139c8852e9a7043e63
recR8CDzfiPLitrTR	i-da0ab8e6c125e8563714ab230dcc361728c79785adf00f85eddc0c64343ef84b
recRH9mzSnxTWmrQs	i-82684460e53d7da89400d62ce0fa007d223cd6f4317d6e0ea4773d95b352899e
recRJkj6nG0tNu79Z	i-e53bf173b0e2e0c1c7c80d04210fc7d980f660532ddfddfe92948f3d46be7114
recRURqwE2kCovT8u	i-e58f51cb075e6ce6208be887b44e2bbf9061098fa6397624223ff04ba420bbf9
recRf5ZPUQOQIX4FK	i-085197879a3490fe6f8933b1dd835448789cfbb7f6ac1934c0ab658a8c2cecfc
recRqZf4JkhYr8Ben	i-158810d4123956c4ae558ba98c93cf2f412a9d8dfeea2382d8d486ac63c56805
recS1hTTw7NG8IWfk	i-0cb834be2d6cf1a5bfe667f4d60d588b2b64ec23564d42a79556370f8777a59c
recS7USnN21lhhHZn	i-5b5d1adedaa513dbede7cdcef1972c0c6de46a0d90b252a96d4c5f48ac57bc94
recS8mMS0LP7B0crh	i-a1213a3a12ddcf5305e63bf30243903395eba816e92c700615428c96a274dcf1
recSAnTD2QFYI2RFS	i-c7519030d23e3f65519aea737a933d50d8471bca810cc0b35b7f004dd01fb456
recSE5YZFsk9RsG8M	i-2fa627c39db3a8f746107af5b68a7a32dadad7f0a02666c05dc9d60d8cc41fbe
recSMTULCkqIawOvL	i-d2c786be28b719fb9dcf1668784b811ff477d3858c341235d76dc209fbbf354b
recSV7qxq4HWnfOYA	i-8744bdbec710a2b18dc89db8541dc9543af13a92e23e138cc799b8cc6319462a
recSaZxMl8lLg2BuZ	i-5ee96d94c6a5475310d4d5fe6718a28ee37648683f2c830efd245fdc942e56d3
recSbVkqAa7VoU2nO	i-620729656cba85f132bd45cd68e404382eda26441dbd713c69b82763717562b2
recSdgJ6F5IMa5Uw5	i-b4d2ee52f4cb9f5c789399f118154422ec682d808169b88f1fe2af41ffe0042a
recSk7h0iVeHB46Eq	i-d0c6282ad5a945d7e8d50423fb0bb0fe7e91f757887cb38c3ab2046a7857eb08
recSpNSZkMxFRxXwF	i-0885f4d3bce5c54728348ff7a864111ae11dc8badd08dc8d9e47c62782538924
recSphO29j3lJQXCI	i-6fef38a105af55259821fd139d01fd97862969f759e7457ed0ec3e7b248378b5
recStDnODsG42o44k	i-c3a489751d24ee3f6f96ae1102102a915d41da8f08105105d66aba725f7e7cc5
recT6svBPoq2GYzwl	i-7e42b2c99accc1e21d5519465ec74238f6cfcc6be0d952950431d6ec86c6ad08
recTAu6f9SFKzEzik	i-7bb38c7c0dbfe15de887dbd1c2b398a19d1173b33f90b1a88482f0b4a1491f09
recTM8svpYvwAMKOS	i-0656a3d1bbd25640bc80dec6f0ce860aea1f544fb40f1d07513cffffda20f966
recTQDq2UwsrkXMwh	i-3693310bd80ad96832a1284538da6de3c78142449e1b411645307408dc731d14
recTTweWSmIToErk7	i-9bd58b0f65a61d54e2c1518647339e584a6e977b9ccca56869f9321c27cbde1f
recTWoGAwGGm6Wypa	i-334be53fb364668503e0cea59f416dc1aa9578f5fd1183563374bcf34d80b57f
recTaZvKOPb5yb4Rn	i-a825805ce8e02eeab12d6a64914ab2c5572c012af4e08b2fe58e042c691f54e8
recTkp3SxLOcdySNn	i-8d115a1c51b3442aa9f5d8a2fcc63c671430874899c8fe8d9c71552e8a5322cf
recTlq7RVuA5oYpfF	i-1a108d7c7eae2ef3aac4d25b8f3d3fbedae51f32a949ce4998c16cfd74b01844
recTyEH61pvm1X8ay	i-6146509b4b6e60d4553ec60b0fd11cfbb7ebcb634488851d911113855a1d4ebb
recU3rCLlYxq1ZWAC	i-bb42c0b898bcd3e551392bd7cbfaa49e4586efe6b3d5ccb516af1fcef9f275b4
recUEJynRkXUnwX8U	i-f408841ac8fb9038465c0111cc6abcb4afe6934fcc494847364c35e697f30140
recUIRx6KGhAQRyPg	i-fa4d8cecb14b28036ab7e2b23c02ef17fcb76402be4cb1a39b8848a641fa272e
recUM729z9RdYwDvO	i-050910beb250d8a50998db422d642374c987e8b576e0aadd4e50ddbcf1bb600a
recUTiMSXFQ3Xlm5l	i-303adb23cb6f9623cde1c720291de49bd00979b9ab7bae67da1962043daed4b0
recUcKGxCLxfBJpuo	i-2213c779c889563dda13956507e435dd1b56160c680ae06a5aa58126d46e64e1
recUnNPiwIfD5Iofg	i-62e59c2f57706f4410ee579f064f483d7a2e7a782c381aa87ec24578a03e8402
recUoXljTMvb1eS6j	i-a3a0dad533b8f8b17ce29a9a8816d0b2f7ee508217aa52a52faf4d53b57bc655
recUsQYm9nAXZaPN2	i-e28b471bfebb72b8b677404f0320e61102297245b153d763b3f7decb0ed7415e
recVNSmpzqat4XKe7	i-633b825a375d763c6142c128262a8ab239900d436b5bc34fa1adb6e16e63ca43
recVR2L7AZWeyop9L	i-849fcdaf9a4c42174ae6cfd60d20a046742d1a7fa32a66c86cad21f33cc9edcf
recVUE3O7CRtuA304	i-431152a08646c952aff4146ff1f63f9d594729fca4793578249a5a4ff9a01310
recVf8LuGwFTDOpJS	i-2a0f740f690fa07fcd8ddfc60172c0f817e529087b953e7998ddc6903a59d5c7
recVrjheW482aF07Y	i-ea11ae7212b588ea7476b3525194d24fdd94b22bd896ca984df0679377d2781a
recVupDQgUe16J2M6	i-d5d4d8ced7a72b30fbeb6309c8ffb231bba30b1615c1d874f518bb8ba29ee905
recVztWi9MzEgqWrE	i-150852185943aad4f998cf8126a0b1063579958cff024364da3f485e545e0135
recW5Uj01eya80Kbm	i-0425b240319ab0f99ffcb81918c0a1e6499104eef509686ae2f47cc23a519ab9
recW92nLIs0D8oFiJ	i-9310b36949fbc6624009dc5407109baf43428a1125350503265187d9a2fbe994
recWCvQVsKjVjX2Z9	i-41df0d54dd267ce99a1ad22d6db40127eb8d271507b08a2f1c020182ac7843a7
recWHj5BfOMgELysJ	i-131a2467a4a3e86eb5bd6d4bfb947dc7091c76874771374b50f0ea4bbebf038c
recWNlmjH9G000ukr	i-afe4606f9ef0cf8dd9f06818fd282c7ef0fe10bd069eed30307772ca85e5e392
recWNogjL29JZ6rwZ	i-ae75889165d4451bbee9812c323277c4c8742127aa5b7065c005a3756fa21638
recWPGF2laM9MyRTE	i-cea656c2e8fe84a1502d6b6a3ea5e98835811a0993cdd6a8ed4bebe0b7468d25
recWTDypA0edu9rXv	i-f40057453ca8ff42243ca4b88e7d640e5f160dba6afd2ac48b4f9b7dc3bb7cad
recWTKqU83MegD1Mx	i-0bb1d3161fc70ff867107531ed2e441dd9afd2c4fa7fe1194d87e6da39495c5b
recWTqGVbJm4pzYLO	i-50595a6c6b515b5bfc0dfab8133a00d65541432b58104952d5766a04590adb23
recWdAXUZeZ15pfKF	i-f8100053543374b2dce00f9f97357f311ded4378d79606ea0fdc7b6dd759cb89
recWe6gbI95QyBcaI	i-599222aa36cfa31b15be021963ff1ae3d84f5960d35a247d57832f75cfc3bd68
recWhCqjDkVcAXI0v	i-8dc89c5d183ac0f502e811a80d87e5e0fb53d43cb8ca6192c6cce72139b80246
recWiytcT8KBbfjjY	i-f57d4187dfd027b012a666880820608edc4e911beb7176dc625f9e32b940be77
recWnpwKIvuzwfnRa	i-76dca56eb07bfc245934518e4483e7f7e9ddbeba69d711e5946de85148164600
recWunAqFPch0265A	i-0639df0900f74af1676e1fe8b4affafb5a75eb3d0bc64f7e86ef1616063dc23a
recWvp4cC8l5qB9W5	i-dc14b06b53d3ef3cd9d453f311e0b5ea78b2a83b05c8e3f01d951667f97506c5
recXAIDOfJ6mWJAg7	i-138d1f39b1ffbd1754c44425f0b1b3171becf87c0184f38b589ac7c881de3b1c
recXQD0OXGpYr70OD	i-16c98ffb6f407e3c6062c1029b826cb6b22d1faa90a49221009bd27934b07ada
recXat0fdzstBb7Jc	i-eb82812a626160da4f755108b415cacf4f3b1da76586182a9154e2f1830a2c4b
recXcDB8qZCHx0MAv	i-5d80166212e93f6b6eb3c28873778037547c694beeebd0d33ce6844c2b855568
recXcLOnNjXBpPZBM	i-c0676a5f3aec125a351b2d056aaae1ce8f0ec6dd37f60eb80ed5cca40c4a545e
recXeDFUxNW1fc8nk	i-1d8b5b36952273385aeeff41e7d6c815119c744fe63e753d58bfa29352a2c7a8
recXuOgD8FudCbX4M	i-4e92888d35d40aef004ecc34c8639c11159864b7e9c13e80e3542294692ddfa8
recXuiGORuQ9jeVbR	i-ebe5b455a234a2128a937f6a79e6326ce994b47671c32f59c84289e0e4873cda
recXxpKpPfKucgFnh	i-8c5f088186b383c615ae0ce8c53c7a0ef1b058891dd1aa40b8c0f91177f4459b
recY0W527lrS1XCNT	i-555321f82c3d2d4bb1f1e081b55d46a8c4fcb47be79f6558ddf0942ccb8c6ef5
recYBdRJlB1qyec74	i-8fda13c21a194091fc678b6061697ba8d1818b52d315f442e3d7610b7b539406
recYC3dA0ck1HQYWJ	i-7fdb70410a9a4038ce6dd00f8546d162c00ca7c873397d4741eb954756a4b28b
recYNtWNbPbkSREr1	i-600f67ed6b6b4e99e33dfab153ad0d6bf05f22d9d45b21f638809a955a15b218
recYQ0jMdlbfLjbQE	i-0f699b128ef6ffa33e559dfaf75f00e2a2ea7d08a08f2ea5aae801576618928d
recYTKASGn050iya2	i-88f0e01c65c3d806c78e542e8d20c17cb3cbece73ad5694725c292abd3c8ef29
recYdOpokjOMGHo5d	i-1b65da71ef8bff2dd056f07d41d4fa83201d736665c83fe5bc3ce75c82657365
recYekIMU8T08wbMp	i-284df61f4a0b384f7088c2742c3dfd5c581acde3cef59e15e609b8202f138e8f
recYlVULgCCNH7POz	i-0aae1114384d68427b6e874225d2ef7c0a3bf30c9e8de7024dc477f2aed1c2a2
recYpk1oy46PV9gEG	i-61d495980fb4c83756e3374c035eadcf03dc263e65406d90a8d1379c3a880a74
recYqg0NX9YOWHYCK	i-6b7207102f5834de5f82b878bbff638de0ff507d07c79cce13ee0e3f7e74bc72
recYucWSWAlUhcczD	i-4f1b9e165a5773943d8888cd9e6f6cc3bbce10ba32299ca8a674a74f0dc0e387
recZJnhACEa1sXCFG	i-c4644768d6c8b647a0604a245520d4d8b6a493432442fa216470761efad97d31
recZXVBNwiaZK18dC	i-612c0b0cd65458b6a9295c91d39c091b29858a62a27e6c5e6dfa5d6aee76df5f
recZahqKRWUoPkpoR	i-36414a8004d36c482081313b3c4bb577c9f16c655269e58dbbd07f345aabc305
recZbjXaIoWwBQDsg	i-06179bdee23307b8553c1202e53f54de25777d7f194a375f58ca2474b52b2e75
recZfekOGn14UMR7Q	i-a3645ac065285b42b4aa739a531f207ee017c49075fed75c3ae597f26d9a940c
recZnVDkSCtn3Ch90	i-85c10d4e7ffa8224e02f2e8ae5f9813b57f1581817847868fdfdea22b82123d7
recZzIs5kqyhYjHGI	i-b9f20abb606d9eea0fdcb75f1031d598fa09a83895ce177b54a328934cda1f14
recaKi7dqKwmRq2VY	i-63e51ed74651e90c6b7d68473a0a452819b01e665ab3d1b4175ac825ecd06a38
recaOKDwko6KAbQqJ	i-e51fab7386cd6a541fc1100a2f8f288d787b59e07938916fa7e55f0b878d04ed
recaOYnZhXsrID0sn	i-3d1c74b3a6818c86cce17ed13104226d6206e92d71441d98fc1299bd291727aa
recaV6jU51WGnm8fP	i-4773bf9bbbfc79f817afdcf2691165f6d2ca6111d8e325eb9a8281199001eb9e
recaZvpDR0GeNZ3Mv	i-76f536ccd2479493ce2ca630924c908dc1dfdb8939683a233eb15e6b3b78c704
recae9maKx1m7U1Ax	i-18303ff772a85d27202a30116ecb42acf63fa85c93f18831147eca8934e7bb22
recauzjy7IoxLDJL3	i-0e87f123ba035b4213584c5da9d6c6965f294a8a64e004356800a69e9ce1d9b5
recaxlnHkTs0kAPtu	i-eb5db368e8b3961f97ab7eb4933d91adb7e7271c6af8af4c88b28a5b0af87cc8
recazele7xLFcQoK6	i-789b5e1e397d06f30fe47f96e300c43243e4b5114ec7b4676d191d4212ce5104
recbOOfpu2qdDaOJU	i-867f7a9c154841f1cd674494768776eab0674dbf85413b1a65a538641adda5a0
recbVBAqWDv4Ej2N1	i-6c02334e83ba28dd30b6edd1e3c22626f8ce28b858eff6e21f412a43f67999ac
recbfFLHGWa5hCPTw	i-72903c25c99d51efc781deb1eab71df4a2aa7ccce53f1b2c0e9032f055e96c85
recbhC4QV4BOMlUsX	i-f4afc366807942a152d9a99c30d13dab68c0d596d8e1b16ea43afc04224696b7
recbhhe7mc6NbOkaz	i-5ca1efca3ec896482febda5816b5a20ab82236be0c116979ccf192712c75b294
reccBU4p3iN5z82i7	i-ac04aeffd433ef3726c40abaa9ae406c237b9a5b8f5c7c40a7ca886424c7b7cf
reccC8uPLUm0uv0Tz	i-0393be7db1a49755983dc30fb749e4b050e6cf02b0394afad36bed80bd6c5a62
reccE8HJnyWuMfx0f	i-6d516d2b1969d2f79f31d56e5dcd7c07f29925c8aec1affa75dbb2dabceba8b2
reccGiZSFR3YomceF	i-3b095f660403283f27434d5a8bb2ece886eef2766cdff39e682a316a2b249e66
reccJBwWOhljjzDVj	i-0d45c6a44e324886437f742d94f8f97e1bb317fc69b4d6d2e518a0fc9447934f
reccKOU4PluabiMBA	i-8fd67ca7c53954947afb33674993f03897e22479d32af656e647cc2380092bc9
reccONJLPAZ4y9GDN	i-5cc2eeb27ddf928a22f5bc2050701fcb2f1d1f936603e37a77cc5cfa53c259e2
reccUgbBTJGfMlnHs	i-99f145eaa7dba1c2559ff682ecc4e666b89c6bce93363a60f28b4ec57dd2651f
reccY0qoO5HejmDlA	i-87417ce7598de2831404f15cd2c8395ea1ce5e1c6e05162105897457e502dd25
reccYZc3nX5fsjRbE	i-bbbe5a5f756404c1eaf3064191e5ab747597841e6b94decea15a712557edf249
reccgnjK8vcDqqhI3	i-393d363c1b9b8b94f8fd34de3ffb583f35b8980e1c7099487ccbf35607d2a9ab
reccgzpUIn8M5nWse	i-8c524b578e34fd62971b26d097c3aef53a1a49d0c07686d47c2a88c9dd441298
recci8DmH0fsYCh83	i-5ece40380ec7c65359e6a90c8abe2e42e1b8f66f1c71a56db16250e68e284787
reccpCFLWFTDTNaCp	i-682639efa8a41f8b1ae2dab90268cb99cea0eb7dd79edb47110396ba5aa19d7b
reccvsjW8k1UxMNXa	i-c73be9ea1a610fdf8367089deeadc7586f574bf2bb2af2589415f2c7f22ac3e4
reccyDIUqoccIFNoX	i-6cbdc4590b492ee193a5327296b9e701a6e238b37420e5549a8160f4a602c5ae
recd050FImBzEjmeF	i-a181d8e09054c329bd6ece4aa638c6db18529e0ebe64778d2e98204b1e2f3fbb
recd1BbEtLpLQYF1D	i-18fc33e8acfc4e9ad5fe5d84d95730c147dcf683107e89cf1b3c03ad38a46e4e
recd8cLKm9cERI1YM	i-e54fde244c6380d5e4211246fe768bf554733187df880e853e40386b8e3bef90
recdN5N8XPXNUJZXp	i-7b35ccc301e27013e3e39b69bda231ffda50338594279002614cc5bb0a5882d6
recdgHWcOqwlkhwG9	i-78471cb598a6b80dfe7d9cb11c1470191ce33c4f86b0ef57f92de8bd8c8f82d7
recdjgwdtWRMkmv3L	i-e5107cef32a73a97d9aaab310141796a7b49b603f462ac13711caf4effd65066
recdrSHHjICGuofXW	i-6b0425629ca10fe060a212c050360b62fe78174d860cb4070cc996419910ae7b
rece2OLvS4F05LrPY	i-3dd0bb915bca9fd0fda14594c0e4d510263307e7042fea9e5ac56b2380910e36
rece8DWVtS3cM04TP	i-a77fa2c68130d619a8cd1a06a3fcc661f80955f9543a6371fff5505ccb3bd606
receDKIkngka9IJsf	i-4ffd53516b4dc2a1357a781bc2f4f0909890018cfd02b5ea04e598e9a5361150
receFgysfeHTbszvu	i-c18dc99cdc2d5d4a7e10cca281fb6608fba28d8f20464b8e90d8df94d0a9a0aa
receLw4R5mNq89v5F	i-33217cd0560691f901169ab44b274a5bbdf3f6e0031f9d91720d9127d32f2478
receOSvrXP6O6DlqD	i-259d5a6117d1db8cffc5e3c8fc07bb47ce3ff5a7ace58429219d4ad7b628d42e
receeUUiUtqfyZgz1	i-820b99b6f97addf6cdc8232519cfc1dc4665a9921e0df6454195501e16671430
recefsadvh8u2rbGa	i-556e8ebf6a56ce0f83b3218fc84edc5262994ad33fc722959f06ba8db23802fa
recemdKX5iilDsFsv	i-d074cabe4cfdbc70e79bfefade835fa3e9a539a18a01a164a12d3aa739b1e9a5
recetvyJ6P9dgiJNg	i-081a90d47f5cd03b9a5f230a547f7753f58bc0caa88b136a3f97404777bf2af0
recf720rp15dD1A6A	i-cae142549981a42cdc2ed13aa2b364536d784560700ec40c13303ddd07bbed01
recf9sLIiAkGdLeFi	i-d595a6ab887d60bbaf621595a932fc1b6b812fdfa08fa471f5ad6b138409fd90
recfCQib84EPZkSlX	i-21eb8f90fab4025549ef7c53af7c94e4d6cb84ed35cf1a9f0e13e2a69b3e270b
recfK3DzOP9SWzZUp	i-709d0230c73fb0143e9bb0029144f807ce25f74c9b06d6c4fc26b3e89c66347a
recfM2MfBfW6tM7fY	i-447a9507b3050a973dd927847e889529debe199959207d09b8b74bdf8c43e5e4
recfOsQ0YUef81nOt	i-4bbbbbd6eabfb43cd79d16aa7ab0686fd54011adbd622b0be3d02e40c6524127
recfi1J5GoV0cILQX	i-35aa886a7ef435ee3ac235227179a231e990e12ca6e8942ead5ddc43fd0ff9d6
recfwZEMASHmEx5Oy	i-853386f31a006777fb9369e6bad593f6de2a4c82d7b4a3f686df5585f114e59f
recfzBtvLsP4eF9Y7	i-759511981aeacc8c14cb4a761b873e397c026081716f112c8c6819429cb7b6d8
recfzKyyOUuiYSMGa	i-72abe3d1c6fe50c61332aea3c9c3a94beede55d661db37cfbe1b243421c2ff2a
recg6sG3ueguSSwCl	i-1920462541b8f37080ac6fb69b4f96414efd04809d5d90fc550123121e4ea4c7
recgH8PfmkJQGXhMb	i-9141f26217f007eb298792065976a142843c5681b320efe8b59b917b928f57fa
recgHq7EdpVonqu18	i-19c4c9a65a3b4534d29f53f59d9a2e30492873c18c847e979ed0fd192e61dd5b
recgMh7DuFw63HQZ4	i-d74cfbc7bd0a8886a1e5550d200d1fc0d5c3ceae2c01faf11093baa7b8eb8556
recgNCeBvMCUaZUdY	i-38e512c2441b230e6b3d2a87359cbfd0545007e4278e3254b185aae40318fc41
recgTXFqsB3jIAkNh	i-6e7ffb47ca49e3ff10baab5d9c1647b223f4a432f604cd3e5bcbfbf5cf6d0b03
recga6EW5HNBto8ni	i-c769401b5ca304e1bc34e03f90bf30465ed5049b751c01ed5a909f66a4cdda9f
recgsKEBf88NQMij1	i-cf571fabf80e6956a5514441a61e4d852e6d4ba2fcafda6b72cf66225cf2e8fd
recgxGi92q6fCeM0w	i-0a4802b9e46bd479924b7a9a5beaf1e5788705a6d188d5130333bc9c3d99b84c
rech8PFaS761l925K	i-ae3634826afc8b8606028ebd79cb717f5d4497a2f405cc09529e7b9caeac4c1a
rechK89RDrDkezVtd	i-151d3ca61d71b5b0bbed5653387e88182869100631bf20387a50e65356f58ee4
rechKtY0xl5DJbZRk	i-67a2bd40efd88c6a38966308c6ea944f9db6e7aa07f2d826190f58e9628fd84f
rechS0AWgqgPFgT6T	i-319dfc0264138e62a640c24e5e5dfe44094017c6f3e0388680e7aa87665793df
rechnj96zs6QTfqAN	i-2b35e39358f104a9cd8caee0972a2d308fd43f0d84292550366f28f8e0a05844
rechqFgjrc7AItDNV	i-577e5bae404dc75f5d2f3628157ba8d28f63911007cad6ac79a326e0ca66e67e
rechskqDWWmxApk35	i-e4c0a59c3575c90208f4f41c31cd6e8b5196ff3904c5e740f0ad4958a723b29d
reci6qG8eqKSjvppO	i-5a503be8c54dfbb0502a4aa797b420b49eb0e3b8adb45c0724d96a0175461599
reci8rWpmor0vZE1L	i-619ebb3feea0f34b27c7486ae2b40bde0959bf4df30aa76b3b9d45772f720a25
reciFkSBRd1TAJywH	i-a84879038614bb57bb79afdd83a0db6f142891bcb5811ce132223a13429301b3
reciG8Lo5cgV8lFzI	i-6b4d651d44e95ef26210e89c6ac2fc758750ac9f87c108a6a2cced7c08fa11d5
reciLuke2QGHeYGed	i-2b5c79a1e916447bbcf9793f2be3c4c7fb00dd2f3cf712c23af61fbfc71f1f8c
reciTiPZ7rgBAQFxA	i-c90a8ee78e54eb0714a084f3eac62ead00f6ecceb56146f8d547d101764b3722
reciVr0gkWUNXE8pe	i-d6272fc8db7eca7eb70f87a831ab4df2a3189a9f5e43321ee9d301f26ea9c087
recijDkvyMdwsLkEb	i-9a64d98fdbf0b7f377858d1509cdc1555f7902a30b54efaa14325a72524e6e6b
reciogA3JE5lB3qMU	i-54eb36e8267dc32409e3ae1281541056e93d570d5042e24b7ec6627976857965
recj6lIAlPFfeXkB4	i-2be7af7936d07f94039654705bc304b81e784f84bffade6ef21495e3745fc0a3
recjEgzBRzqC5tnev	i-b55836c849dc2f3aca15e5b68aa82ee1010b4161934ad1906880cf9d13a2177b
recjQEzNHpr6jTqJb	i-bd33ee253789fea9fdaf3c4fff4c0773763dc4e4585c7b910b9721b432a29266
recjbNzS30WjyHaqy	i-534c27888df60c44f053cd152ceb6962915e2d42ca234375787c6436ac297733
recjgSOgKowsMYUE6	i-c987781800c0695021f9388f0fc25552a58f1389714694ce5414ebc0c4af4fe1
recjntxIUaydX8jza	i-7f1628095a833cdf55a37228a73446014e5521f984f7f684793f4ad69a23ee5d
recjqt1Ns0UVD3d79	i-a4fc110812c69aeb1405c4142d2cb35fd6169259b5ac9748c73f99e7e40bec0b
recjraBUxublXuYvW	i-f5b46987ef9d66646d03b0fe2c24b110bc8f9dfb4b287ec4c5818186014d66e8
recjx8pChqLY1tUrF	i-434014545cccc508a1582f1a66905326ac5dc2ad8aed1016882842555eaeaaf4
reck2syG11YlNyFl6	i-6e96892de818b9688963f32345089e8fca182e0f17cae69678947146410e9511
reck4IA7GC2ULC9Fg	i-18fb087fd01e07b4e4436d7f4a8c827b4e237793d0cb83a3fe6624272c6e3839
reckAW3ygNK7taASE	i-c04820aa3fdca945c6b45b1abdd179b9892efd11c329b140f8bf010594508549
reckfGHY3GxhvoF6Y	i-579b384711236d34b74d478ceb04e09051626a38b82a70f8fa26aaa222b17cce
reckjI1jiSpP4Y6dG	i-1dc79881d59fa639a0ec7bda5cdbb4f31cd501588e7b884e3139ab5b1f19a2ae
reclFvzdSLdyiqoXg	i-2af77fa8d8a44a4778a6ba4a5afdc07287ef289520e2c7bcd03a6eccb562338d
reclaayRSHblj7NC7	i-97363266a84756430800c5e88138a2afae5319dec8f255e7de9058e34378e1c7
reclblon2TjFbPdO0	i-cb9f3be0f8e7e4bf75952e6382020b77d03cf04feb6f25bf3a122092fcc6feb8
reclfdg0xGClYZnNv	i-5b49261f5add1aee396e35bac2ef88ff71a517d759c71f248b89c75309afebed
recloTKxEOmP07PcV	i-eb049a8a3497cc3fda58f5361c1dde5d4844c00b1972b9273bec640977433fa4
recloYiMER29bSxT4	i-ce6fdee243aacf4f9e40fb3aa813876cf510ab56924edd34f464dee924420e50
reclpHLB2DTBj03J5	i-a2ef122ed0c5823520a5936c4b40609dec00f2a84f51a7d14f09cab271c109ca
recm32JvlsDrQ03Ch	i-add0f03fc127a58689689ee19d67661eabd639f23d83b9dabee08e1cbcf73ad0
recm3kTjyh9GXxU7M	i-09f1b86bafea60f72a29eaa5ecba3a774f32812ef796918368152e219d4aca5a
recmO53S2z3w2gasB	i-69f0e1511cdcff5276b406fd544b400d8c492954430ba788fd189530ae3412af
recmPsouvEhJy2qbN	i-7b72f5bb7890cf69f199df8a39049a1e23a3507b9926952cbc8533a70be5e18e
recmiwo3YpNJuB9ZD	i-e4cd57a8d03673374175114c7b4b4a545733e387517afcf6e119011a0bbe2374
recmp72ZeZxK702XN	i-a3ed28dcb0cfcc7819e728ff71b630e3752bb22742864f87a5ede53392cb5e09
recmurzhajhLYZ12N	i-1f6aed3dc38daae17ecd3ffd124557612a29418f1df961eaaf428e5b0bb5c033
recmyosi9e9Wgew02	i-08a17a1df686b3bb7371d5c1d37cd83924b11e35aa7ca82a70a01129512bd998
recn18y4GZgBDFZMj	i-5fa55f86a218518c249dd5553b9f5753414615159841c8006777b16d343b7cad
recn1L5KRsbKXZ0Z9	i-5ba5057466843ca4f8198f96515b00746dc728ecf625759281236c2df8f20867
recnGHj9Ur6erXrZZ	i-cd61a0b6ca21f221c19ede16468a0e3cfd141b58bb9892ea5c3df87331521a8f
recnJE3Qgswomwfs6	i-573c9fdeaba1678544089324da951448e902d59879093efe7a4fe181c2a5de81
recnKvLjmLDKBE6dz	i-04f622a2a6482a23136c38fc9ae3982f5058c1a05a3a2e2fa13fc4a49d37a928
recnQIZbRnFbWWmcz	i-1fe869d4cddc3719c0b73fad875c67e31610ddff8aed5711fccb56b28ac09050
recnYEBZL4j2ERcBj	i-5a134a506ea860e79668ef367cef414561f7c49680a62c4863a15f17f8ca8f31
recniXvvGnCK7sE3r	i-4151c3deca31a1434fbf354bc2044b7da9eb50ad6e389315622f8cff1f166353
recnw9yGN04hAyMji	i-27406e6f4398120e1c4e202337650d5aeca734b728d09234f6946c311d4745a8
reco3IGa9Fejyc3sy	i-143025eb5844170c82eab17c71947faaa59512a9461bfdb5f479566d150a8794
recoFBitbVm7GI7Ww	i-eb81cff3c6b15b31f82a473835d80c81019add0b126d62ae6103004485e0895f
recoGBPl73VkvJFZv	i-3772f516df22627ec12ebe7fc4c9d6eff039ce7e33a9414a801579008ef8ef38
recoHTq3UdXK3bzfM	i-642a32737dbc3e86d413a450658439d2a66dab82d8b4359d0b99f46eacdb9c61
recoHlpFkZnnAoB5v	i-2c4407078db27c85d18cd70649a8043475da8fab3bc07e007be3c22343de398c
recoI9GSQCNGiVgDZ	i-f8d0bbd328d7bf09f6d206b575975014232c81e1835d106d4d54c05d031fadbf
recoK3RgoUnDC3Of3	i-16b9eafa915fcab1b0c0bc81fc1fc24777f0273f3c38adc78ff64f518028674f
recoZjL8Dbk1OR2jK	i-c54f3f19c1562b0f595bd8100db081482a2145cd83e5e7f8458c208271fa4faa
recoaAN1VVAWqkwon	i-56c07041c7305773dfc079add745e8b3da5a3be0f57bda2307cdf6093df82d48
recocSKykBk7wXMo0	i-33e56bb5d790761abf578d34d0db1ce744a0c7fba324f3240ca52bda4a32e2b9
recoeQK4YZkt5000u	i-92a057ca50778e9398ed4892cceb6a8e24c429df225739453244902707d72651
recognJ1EueH9GjCY	i-68a14244793148cd8b258769dc55992fa76df1848a9dc1cd9b860c6a419f068a
recok1vuKmQLSYr1D	i-1d410f431a66fc65200f317725cb4c92609c13afed4a27a5390e5fb0eaced8a9
recoom4L8TQ0uBWdB	i-d923a5c038298ca5ac662be2c790894d2349b968742704ab6d8906217ae27718
recotDDJjdgpO7HTg	i-af34f718469a72100ca4731a00bfcde9c0345c79fc667698ce8b7b4bf2f528e7
recp2DezYtQK7uVNd	i-bf2a6ca9ad1d506393fccc94d2dd364000f1ad046d6bde85cf7252c695b98820
recp4nrN1y2KGPzl7	i-711fc9a999c353dff58447b17a5484e6cdfd842ff52b711dedc53a804fb53646
recp8EVzuIP06HwAP	i-724e35990270eca8d102f093fe2f17d81d9fefc4b64e718316fd200772e0f0ff
recpAXjl6FoCYHrlj	i-37d6e0a40f72678902c29f606a2fc92cdf120d620630fba8a0298afaff9aa4a7
recpPE1pjzuZS3zw3	i-8bdc64a52890fc25c0d48ae4da17e05124d925e79b3dabe275506a6f552ba3a4
recpSmZd3m2aClJjP	i-26223e8ce6ffe91e3b5486605f57121db6637e813f379252b57f804b25ec7a57
recpfpuo1YNF1zxEs	i-e348da6b31708d4aba859015e554cd9a6f56f206f1bb1041d616d8a93a6a7176
recpjiZHovt5R23xu	i-676179820a0dc5e5052173cad33ed0f07124b9ea455d5ff0fe58e019737885c9
recq1Ur1OtBeddJvv	i-cd1255f5aa0b98c27ad23269f7643cde136136dec3ebe237c2e2bd652c59eaf6
recq2exsyt4blsowa	i-cdfcd2f2060519a208fd75c1c1f2128c24587a3927bf01b6d126dbc71fcbaf94
recqBdsIPYCxoOSAT	i-115d9dc38e2b91154e1a1f80c45e6e6230f51b2b52c8619392aa7bd1b0a73181
recqCLotD7kSphqrh	i-15dd3defdb5ecfedac56919bd0a175c83976dc6a8d9d5b845811500c6ef1639a
recqKRswDCzOzonSh	i-4e419a259c080e4537234732618ce73b919f9486db487aa4ebd23362d228cef6
recqVFzolLc5lXcse	i-5e05e4fa81375f863b27ae7b03c08ed7032139499fe5fd49cc3b8d0bec0db5bd
recqkEb1TVSToIIoT	i-d510cca0cfa54e0440deef50f13f67cc96e7cd973a9cb54e328ea59976dba68b
recqwCSNWbXVathqB	i-4e58d218484424cd22957c771f2e3956d8d00a62ddcdb6eef460ecf5aeea4b4d
recr6xy34VgtdSncS	i-f2097f96cb4ad2ca254f8c4af3633583b2ac097bdbf5a05926345a394d098068
recrDP8RcgaCoSIsG	i-ef051616ee56eefc2fa9d64bc8671570fb82afb356edce8c327407fe5dbac376
recrFP3WwBkZ3XKyn	i-c2e6cca86602aa7daa47964cc9e9604218be37cf15c127f3c7af4fc2791746d8
recrRGqz2cwKT121m	i-50f75da37d62c5f90bbfccd0247b61760441777616c93556fbb8a051c3a4b1f2
recrZE2LVyvI0lzuX	i-f850e6064cde5c49d1147f653a5f9960cd4b479a15d4c0016e87bac405f591ec
recrwYmHAWx8Hx1x6	i-2362bc3f1a669df4995a8a6a3a67b3c372b88a15ceeb05d2ca951ff5f232fca6
recs3xXG52bOuj1mO	i-2555e86fb9869b88e708ea38d3cd60a3eaee850db8e1e7d8c3cbb0c2c8a9ea6d
recs7FIwTnEkn6emK	i-76fce344c73b3c925db477747076b66ff9fda353fb8b4a7d25d2dc44ac908617
recsNflSQyTc60cUh	i-9f76ded69f554ad43bf41a2e890acf4af05143a3002760a80ad5d3dc235c621a
recsOjrSMhNYjjsUn	i-542af5fec4642df9af7caea55e7a4948cd384ca5006859707c87f2d30d74b6d7
recsQ34go2TEuQO5G	i-d0dcff30fe2af27c3243d492977bb2b2588815fec534152b7bb67bdefe0577b8
recsRGXp47yTgMqT8	i-dfe2b75645e17b49c075a712736f633653e623178b7ddfc07beab2cddb3f76bf
recshdGSBhSBbL2lh	i-e17ce2caa6bc37eccb20c8383a81be0a509b49fff1cd323275bca46e70e12b66
recssnTj5sD26UrmB	i-b37594fceab412181d09ec10771d883d787baee5250b6a7078f94e624ddf34a7
recsxw9DNZTURniXs	i-fc9cc0c250b4fda4fbf6dc2db694a67e958a228a12bda2f7b66994adc51cec56
rect1ifpCUHe0Bv6l	i-e37bf7e9ec22afb9772813bde0292cb00de8519791898bc6c898cc960b8cb6e3
rectC5kQJTWavPD2F	i-f6f661b2a12b361b408c03c8a3f3b0ba72cc7b7c947f50f4d9135354c399da1f
rectMcsrCtFJY7v4o	i-ad5caf4ceec1fee607d0eff9e143c3f2d3083d498a4af330103ce5251b80b231
rectUs67U0vfimBr9	i-284e1722f5db2828c72e184395d0e3c45dad96e5f66f957eef371a53a11ab4e6
rectjex8hmQo5VSdS	i-11379d24c490b43b80b6c9d31c15011b631473aaceafedf90b0acef6463fdaef
rectp0abpeVIDf8Di	i-c062055644d2f542d20005e83d200c2822f72629d8287a82b58fa8e106500b41
rectxb9QOzdlAWtxG	i-2e40fba8d7afcdbd19f815dd267642353efbe2fe1ebd36e6439758b3bb3c543f
rectxcTZnV3t0MqLW	i-ed2a40b0833934ee3728a243110b1ce54732f6bc8df3673bac9f48f331b152bc
recuAv2AUsms8f8qs	i-8039927f6f904002fb8fc4db699a99c8d9eb1544d627518f6e3d433f82b89e0a
recuHzsb8CkQhJpbE	i-c62b8dde6e8797d87f7bd764979f946273a5c84d4e6890bd51b1ca826303ee0e
recuKJ1PHRox7tY9d	i-ab60bed8416ef08b303bf7a8be73883c31849c9b870b379ed76ae26bfd72a82a
recuNjQdMMMGCht2P	i-af10f206fd0dc2702ecbd5757556302e557dc88434e1dd661ae6c135a3c6cee7
recuWBPKN6qvfmcE3	i-c9b9b5bafa4dc92d25adc344d3ca0ff014a9a3548742b6ba89b46239a94ec41d
recuWsld9iTyJO4LY	i-83e4ef6c47e8d93f2c67ee673757d4a7ebd4ddc308b63c3f349ae07b27b02657
recueueVDZxA9RZ2e	i-ae5f508830c7c10d41666d6941bebcd99c9a0763a53a25fce2cdeb59938327bb
recumINzrtPrFDcww	i-8ac0891e5f8c341a73d24ab9435396a4ad4bad194a691a0c3fb438ab92a5981b
recunsKmsg542UFww	i-301bc81aeb00504d86a5537fcc939b20bf1f7dbd2d2c0dcf54d6a0e741a64710
recup1ou7VSDPZALy	i-f13a3fbcef48f22f4147682223fa1105a9750a5ea5810af2c9b4d254d568f76f
recv19QbPMpdnoVSF	i-61567cfacf845beb8ea3dc12cc7101ac7615042392530a0a8b4ba8111842513d
recvYX704RBBlMkxF	i-7f367a3fe868ab300e29b1352fd42204b8cb5afeff9083501a2027a68d12f640
recvbOuM10h3et7X2	i-27d9bac53c39d9182dfb1646fa513d38d002299794fa9bea3a58b1222d65d475
recvt2NlasfD4QvOZ	i-4a62a1d31e047e3a63846bba7ae4b0e34ba98e10353e5fc69136f54789574dea
recvx8aJ2xgNBRO7o	i-de06a95dbfd23ff7dbb13c5b10dfe5dc86e6ee2af94368f8858cfb68c6153d09
recwQNl7tqzBYrypS	i-bceb33e8e2e8a977f92785292c59f53df5f91b86f27602f8fb2f35a02311a501
recwijwr4HAkdYCUL	i-640b235759c1989bbc53dc54567bae531611a18c00f29ced6a76ce5c0767052b
recwpDzqPjZoYiUgi	i-3039b6789a0d530cfa83351c8e2a484c6361bbdc88595d04f5df3cbe086c569f
recwvz2KrH6J6OGQj	i-6f5373c211098b34cd051782831263e693cc41b97a46e6ddccf6f31bcfa39403
recx05soEllGm4iuz	i-16fcf8e7ed3ea2fb189f0fe62de91e56950061658a1b31060d2acfd8d00180f1
recx29ldiumC6v4o6	i-5f2e3c5fad338139e0b77c7686bd1ecd71c91bde543417bc1489ff9d73f283dc
recx2HWpjV4ClruKN	i-4a84a7ba7c5575e51e26d4f9880b4667ef7dc5e6266ddbc26bb0067119c29337
recx8sVcLc97DTTwL	i-33604883b5efb9f1d13ee4c886de497899f17df1411b7c76b8ea10e807663590
recxA0wHPMtEnEVMU	i-ba800cddb5da2c7337457075f539a09b8814fd3f71ff033864cb455b425ccbc6
recxYLRbkuLanQ36N	i-9056ac664c7b871f55dafa3c1e9ebe5dfff37f394138fd7fbe3d075adb62670a
recxbxZ5REQ80IoMG	i-2243658faf3ba8d27b9f6a9f5c82fb68ca44edb51a627806579198742d4925f5
recxeJ5wol9ZvaFy6	i-625ada67d03519e1b1367abebf5b8ebbbc6ab6565436729675e4b5e245f18f63
recxgCukefr0s8Av9	i-768bba94f35a6ac9fb93baa28689bf216af2ffda79069be3830f7a57c6e29b32
recxhmphcQPzu1SPu	i-aed3ac7f62b3caca223252f47ea08ee2b44f3295b429c7279babf17fbc04792e
recxkmzIunUhNZUbL	i-63bbb30f85738d4a667b97efdc840371056322e73398cc4b8c35c600d6ef62a9
recxmF9DYr82Kn9PX	i-97b4eeca5fa6bbbb149762b90fe56bf1c003beaf1b672f11a2201a83a3589a47
recxnDWr74tJPBksL	i-aefebb2e43bab5e67a212d20c90f06135bb698e5c6c333f0abc9f742fcfcd874
recxvDiwvil9uRZzM	i-e8d9d50f11367ad510aa9ba2a3f0f33066cf50ef1cb3bef0af188f42f90d8d81
recy0eg4FX85bbEO1	i-4bcf0498d694e3f7cc19f9acd0ba0d271d9ba5042f6b2494daa557b7f990ae4c
recyBRlAStvf4VOyf	i-bedf06420201173926288acfcc808e10a89bcd1c652abcd08ddfc0dd1e83b8ff
recyBiOZ4YC4VqOXW	i-e9561abbf0c1bd8fe9fd4920239990986e48c3513b8232c9b3711489a3298941
recyBuy2gpK1BdGyF	i-0d752ec1d690b5683590cb0352a4ffbec0e9e0a1414602c326ea491c4e550e5e
recyDG6EaVJOj8I2n	i-c235de0c5f3872ce2fc79532c7e9222d3004774f745e9df4c6296df3264850d3
recyMR0Ss0QjaWCWS	i-8ae8cf97d234553f645fe62e87b51512c494c1f32fef1b307d13ed86620ea202
recyZ5kM9tVQfSxKD	i-ea75f80304aa5fc95fa1dc51a4dbad3c35c325060e42452e9f74ad17c3192c3f
recyiGMp3RmjG4iZ1	i-b40fd68c5d7f393817df945e07d93472a0c9ce2c1d301be4789504e9d6e436a7
recyj0Qeep4SpmiJO	i-40a7d5a6e8fb0069d84d60243f67324b3ed33d7a7f2be3e9f08a468c15c7723e
recyjIpgb1f9eFi6X	i-3d9bb44da918e4839f12f4601245e2c3395b5d8e92fea525831bdf68eadd07d5
recz4efxwMl6XHc3f	i-789b9e9672ba5a62bec1b99111eef0b048391aa13d96d6209edfa11a1c3c468d
reczAtNJUpUhOXYhz	i-05bb3d35d43c6a6717361d1517537ff20c845f1f424fa9bd008146d91d17c4d6
reczJoabMXljFySNx	i-d3f86882b4651cfc9da6e25b4cdce7b5bd35ef90afb881cc504ce6c79b8f8b0b
reczaVivguWTFvELR	i-6539e5175e6ac599412812b01363a5c86dccec0605ee96d5f999e55a53dcf0f6
reczarayjZxokMJzW	i-f6d9fd73021c0d29f398e22d45cd7eaf9e92230c19a21e2b4c0a03f46ba6ffe4
reczpDXtiHN6GTO85	i-50c82b22735142ded81b4cbfb63a45640cb63016202fe9b6c1182a6769df5db5
rectMnwISaaOymgOn	i-b32d173ac36f7c298143d2ff5ff8c05ab91b8b4ebf36c374d0c271a1ba9f120e
rec4YvPgBiFfelwJ2	i-92fcb2edab2c8199f75d27b7ab39041e0896e757b4d6ea6ee18df012f298f054
rec4mIbs9u5pDh3Yc	i-69676707f0841ef0952fc601e3324297ac0be7fd0902d39c8f1e37865f0e202e
recAjUyupOjNuTPJF	i-8d3b25306ec44ea041b69612b42a468afbd2d0bca4095386ec8ad2ce23ecf412
recFO7ilAtQQarxRv	i-b5149a91caf63aca7df4827f37d6ccfb40efd56082121b7e97fdb24179bd5afc
recGKnS0bF6rpufcU	i-70b96be796c2109192ea24e5deddfdb6066abac13ae5a5543fe84de60c0903d1
recHHPH4cfEO60WwF	i-ac4d50a7ea0e5c07db6fb369cb7456ef82cee262f6da4967d161b86086310b20
recOigiVAEKR75scb	i-e9acb34fff6064637acff2b9913b181bdcea2fb6381fbf918d5407cce8e6ac39
recQBEEgEHwkGVcpL	i-8d22ad508f40295cc689d4831585ed7506c3d51f06f8a8890dbef04414456af4
recQV2i64M8qSJ9LO	i-ac1552a7da749a45d02c973ac14833ea1705d7024cfbd8bebc6e67ab2362d509
recRx6YMLyy1JTRcc	i-8baaafa3e4042cc1f4c430c71599f10f5fdc59a04becd8e373f8df1788dbff8e
recRzMHUs2n5BrDsX	i-84f205a3486ad3501eb0ad9a832ad43b5e7d45a55bffb3a944618a16f118c39c
recSZnNGYg7JG6dVP	i-ec8d39339434ecbcab6a4cff0b8e6535682d198bd20967119066b6a4174c7205
recUN79Dno17zIWVb	i-ba0728a79630670a903fe7ca86d99782b337895ff0133668da1948b59130da97
recbigzqdi1LxIxwJ	i-99ecc8f01539ca8a922affed07166a1c5cab799c48c1fb475327d35b7eb340cb
reccaKjqZIlnjcdNF	i-9bf18400627bee3546c758c1d2249918aaed882740379507602ba142707b05a5
recdAIornqlylmy6X	i-de9b9441791807f7868ddd91c0fe5411347f2b88fa041c2f561313750f343395
recdjrMLkOr1Jsqbh	i-24582bcc94c10d2be4c294e61694dad410ab7721a615e82609e3523735c5f192
recgHbTmgcdWgTItV	i-7a25593efb9f85ac17f1502b01d29d60d2f1367ff5afed32615eb4bd4cb792e7
reciHGsoZwdotXVGa	i-dc1fc1baf16b07da20dc403be62f1c69266a2d481058e26ed2423eeae9e9ba84
recjYDnp92Yyousmr	i-431adbbdd0b1d8214c49685847f35f45a952acae6988ae2eb859529f5819873b
reck07vXL9dSyOBxb	i-c3c2f54c0bc8c88818256789799abf942b3441acc9114413fa3ba3c57949bab8
recm2YcW42f5bm433	i-1a2de67533ce63a85ee44859bc587805f70b84f5ac736dfc0a131dae2e8d6a30
rectbpt7Vt0X004DB	i-39a2463ce466f4162181e0656a919a744a75eb96d4988dd38f812d0bc7951a36
rectcLmhW3le0THE8	i-b92bb2cca086d99868f72ebccbbcc597efdb364f9407d5f4e4e39ad1e3191721
recv4RnlvCOVDeA43	i-8041016fa11b73df092a2fff6f4f02eb525fb681b5062a5596ad7e406d12b344
recvsjRnD99Q66GIL	i-6dd3980aa362c094e385b3d300d104663a533e14be8fe830370b1c575166e02f
recynyneyznr6l1xH	i-a827f0de53f41cfd41a53fca2111ea3f371d597b6fe30234bfbe9c406af734c4
reczw03fqe9Jgup6W	i-b9d761edb31ec000a97c0e9e27f01ea1a618ac8acc9d3ae148ed9c9a4eb7f8da
recNI5YQyYxwwEyNK	i-a6fcdd8c7b5b9e0602fc84c80f9b93e48eb5ec071e08831b0e5a41452bb8d673
recrpH1lttNvP9EB9	i-e73c02f58e7c77664a5ad0607f5cadfad174c5b7e1970e677339d6c20a4f006f
recTBi8Dm36WbhNj3	i-bbb5313f7cbed0153c657434b68a18e1de5d512dff21ea8d87a187cd26e837a5
recxhk0fyVHJaRSZo	i-8d405efcca733a9298a9d3a7deec99394121771b141c7d00aefcec953c8e994c
rec2jHbKJGHA74lh5	i-3bcdcfc56c8330a2d038af942c78627c16e4cfdb11a05a537bce7c1088c9b9e3
reci7Mt1tMvZwY1nb	i-2a8f521417e65c255a65bff882c11a5a452c46bac8a2d6bfc12a9a5a8c1d1e01
recz2ctLEtbcqEv0g	i-c0e3e017837dbb065e2902cadb64f754e636003146af9db82aa74b3ab84c011d
recEG6JdtY2c8gjuK	i-c2ba6ca7348c8d6bb1f81b747c2545e527c1c1573e2e675a483a4853e460f320
recoBM988FOx0KZ2u	i-341ef69eb2d47494bfdfd1e0f94ed0e273e867fa940b4c49f4265c28dc7c48a0
recVK4DKaZg91T25g	i-adfbecfe50374a0cbc6f8bd93d8d620e9dc6a0b4f447706d01c53a88828f3361
recHzKqQj3ryrzRKo	i-90bd18a4229e9afd872cc3dbbc095c78eb72a01bf798f2b53ddc92698c98c638
recEuyYj6wXYnSzaW	i-f00505845afefbc2a7d98b2870ae631409a034e8b8518c1acddbaa5be82e26f0
reclRD3xv7ayoRxH2	i-a396009ef02a4f0d26b981b6c02afe52210bb6ecd9ecedc63b23033fa33472ae
recyqmgJpCpqQhlUQ	i-a3308f15d163ad0bb285da671f28a278e64051e68ffdd9c6e394e214afb86b07
recxTExACLrU5C1sH	i-3330b3e6310483f616ca5f0c80139974742534a8d082b2efff699747c2eb6754
recQHMykLv1RMHW0H	i-87ed437fc48c8fe6150cd01c1f90e53f53e2496d0342097342940c67b060115f
reccskE3v44yiRPtA	i-0120376d3ace8024bccb249eca6622f431faf6abdca600adc4f3e4d53dfee19c
recJcR8GGCdaSaHXq	i-9bc09b399c497173c238a4ce7ace0dfa831e86a4f321c778428942efc40186f3
recPFOMGTZoIaMF7S	i-00ad6df700c97c3af49fa917fdd72fdeffe8327a9295cb5b8c9b04ad5c689555
recgEaYkRmUYkFO83	i-d565d5d133b24ee0a66e85e50f71ec7504587df770991df6e8badb8d15e759c2
recBfkVKib718YVzn	i-1e4b12fbb4314694494dfe449daa19de7e088ee56b49905c78d475a31046a08b
recVgif65vgvi6vHu	i-f9e7120a2cd6fb82bb6cba8e5391319f4e30353345609756210ecec8ea080409
recRMySJxRUcexGbA	i-3a4960d63797e004531f2ad24ea23bc39149113eec8ccef34c297d9907beb3a6
rechFpwLbDfrplizZ	i-43b8618ca5ae6b293e54b3620e64a064003fb2d4e77424009798426d33fa09db
rechI8GXpzhLq7Gwg	i-8ffc03d83edeb3f9e182e520b0037ea8eafc89003f4632660a17d06f39bba171
recq7lk0KJqxeULMj	i-63048e8a16012a52dc319aff6e846e12039464261d4c47d8f2ecf3eede572d03
reckRp7VFt4CFy0Aw	i-dd231878aa85a61df0478934ca47fedb6cb3d4b2f3d5bc14668039c13777d512
recFJ7OWy50IkUIvh	i-e5d28521cd985e51d81430f3c32ec6492deb1101371d3b799ea86cf8e3fa827d
recIf3Pj1yKI0HUwb	i-4cae90fc1bb95d894b57ea048e7d06671e299604912edd9b0bb9089fa59a0b53
recg5i8X4sh6PeZi8	i-6f76a702192f6125bc98d2f3f2ff6305e49a539f234b662c2b0cc16abba23dd7
recxQkTizVNNxCnw4	i-950506de527d65d05c9bf93dbc64d207116259a88ae7f7117679725e3c605bd2
recHkk1NhLZAgQHQb	i-ea5c66dddbb97db2b89ed812d716b98a8efdb5ad7dcb91f8b8d29c95b40e7059
recOfQFJqEiZBQESF	i-efc9ca6454628f3e3c9e79532ae9e3af2a7df0036f0d8ce62bde75ce30211db5
recS8YH2wfyKgAGHr	i-a93356f655129f7ea9d959ef3f6dd27bfd18196f3e6eb146a605e6e77fb1d4d0
recgvGHjFLFtlTeYO	i-4f24a1a9b4c164f52fa2105403e2f76e3ecf3bd6011f1e370b3b1871e3bd3ee3
recW7WQ9rIjXYzVsI	i-1cdb4cdcb7fff37d4a29fe542c0f409472aff1bdd720541249c1ab1ea2a43827
recJVpFzGNYXQuVuw	i-f957cd58416fad383ab4a4e38be1f657f0ba012cc1ac7c8157214985d727ff58
recQiUp6vGxpOhLN2	i-e306663b3d1f045d64dcbe458e4212927711a56d4efc83a102655f8375354783
recpHDEKpG12oW7gw	i-9a409d40f1a81149b24eadcf8f121cc2d73d1701dd1733a137c8524962d14514
recMlHJOaWHsW9c62	i-2b11659eed11eebfca87e190676ba13a38ab0fb91db1c0f38e4c0509c0400ba5
recmzLwHacsD5D8p0	i-ec6c5ac565570d00387409315f82cf55cbb61b049a01eca4313f4ea2032a64a8
recH6HSKG63yGE0ti	i-bd42a8f8b983084b4b1ecc5a79de84651d5734e0ef9c64e0b12cf8fcdbc329f8
recAQUp21joda1Kc9	i-b470e8849b321dc2d9893c8747ba854ec11cf62de258e752bcf0257ea1579ecb
recyJojNdsNvSohdm	i-4ca75e04c3f42a328b8328a54ec291b1fef48f517c9fc50aed569e136d324ce4
reczUwdoHMxsQ0OsW	i-aad53a34847646741745aa4b4f2a6d4883d8e8d087cf3535423914640a6ae026
recSUp2bFLWMb3r50	i-37de04523edfe3e885faee19ef4c2eb59dafa81cc2c309ac05dfd8398739114e
recNiHPIHRVN0v6OC	i-2264939a2870b0cd02b48123e6927eda2e1d99eac10b09a3e621a70cbb210629
recLZwi0PE12dVwwG	i-13171c1713e1b4b08c3d13c4a7ec7cc37d033bd9259d72cb6310a3ac6c70bbe5
recUV6Bt4R52RGMp9	i-0eb39332adca78fccabbe537db7a804df0c69c2c53957190bc2d58819c531ed7
recUG4ibgfeObcNB5	i-95da17fb36cd7f0283f975c4bd8a04e32825eaa42565ab1d0fc5a94bba873b35
recOZ050TkTZGwi3t	i-d76a6f680c71ea05c9b7a6bd9da41a49549fdca5cec3bc890dcf526449840ab1
rec2gXOZteEarIlH4	i-300445cc402127b1d200778885db776dca0329ff142b68deafe94b2470a0d8e0
recpNSUBZKV5RSVEO	i-76d11fbddffb237ab6fb7dd767194b1ffcd2db99d7d3a8c7d9b2e366e28c8c99
recyWYNQLdC3Elzwx	i-2c294f27116557367b7a0641a743eba98e54dd82b9705a454ccd09bcd5bb25da
recu02HyOdwJAA2gM	i-009109e820478bcc7e3d9f5b0d16586bd41e79444c9e2c283db98a967a68833e
recUyGGPQ7BgRjLgD	i-c33ac8c6736540783835c0e71f60bc1fd958d7e7f6ea36d3197451874d4918d8
recyGAHx2R5hNigNh	i-05293d6a2b69a490d0bdb3a4422b633f7fdaa0f7d653d37044d5502fd048e129
recev8lue9pqvKMzU	i-2c359a09513a177cd846360a25b7b160c5d4e9ef76d11d2bb15d68b722b9eee3
recp6pRrrJhXRoW8i	i-30c07094b94217c4864347612acf2dd0a33e8f83660b5c80af5ef62fd1f638b3
rec4QiLZNPZxmtWsq	i-c19a2e69caa70b3fd49f6d3a5cb3a55f1152836f400780bd02b72fca3db5530d
recT2YxAeSLemmtKT	i-3dd2308098e5797da6a1f166628e085949036cc5efef613afad0d1b2c593e5ba
recsLB331MQfdqLhH	i-fd3b8dab03b540a6624af55fd0642610cef6456a73a45da797e554ef452e6b10
recema3330fxgCFWe	i-e3d943ec52f83b3b6017525b9597bbdad2af71520abddedcc50e32fb8fb306c4
recIWNF5L97MiruIK	i-4f571450bebb9ace1b1cf5aa48000e8ec094033866a9b81aeb231e025a7ff02b
recVqHkGB6ielyfsE	i-13e85d2e8f5a3d5511894c4e78eab0dd330186509f8541f727f233969b7658a7
recdtoaQNNBF1rUpo	i-bc9d659481313588964b72363f2d4c7a17a151b674339e7dff33bb98f4ec9164
recYM6AmWaUIDmXLo	i-6919530dfbf9b25595769ca98c8c54d033bcec30de830c3237eca414af585848
rec0dpNKJb8f4L9WU	i-23a6a0e93d35d22562977f1e721b0758bdc8e6aa7476e45b96c68404f4a6b6b9
rec64DGx6UsCTIKgO	i-6427d3e21f0b2f588ff08f717bc94cb7a644c27ae17152d852067470f405b91e
reciCH2SAJT9E7oZj	i-34fba236327ab6c7352f3154b51b1192ffc73f6079557d0358e014ad189054de
reclyL1kJz7K9mKCP	i-41deb4317aae8d1affcacbbad90e61061a24f9199e196c8c7b6b1b1988018eca
recg4fsRJIanOw1Au	i-0cbb7151b867bb656f6079d55b0b548dc652a050cd3e4e588a2fec1d5c625535
recEu012jRkCQKe8G	i-752b2f06411e6f1667b328770d7d9aa9b691ba8bbd630419afd6336b2530d556
recCrm10S3Awga4Y8	i-76b4a4f48779c07e2f5d47cdc72b8d9a5f342eb83578e782907e30d0a2ec9139
recvuPP6NmvoVLqgI	i-d4fb027b88a439411261653924e5bc5234269f7d6f969dadb82dbc7ada460c1e
recfr289EllJcGm8l	i-3e4c77dda4d5aae694ee8a38469f8d9e55aa1dc5d96403b3be8de5fa6e8776ae
recv6BEldgC7Ws9YX	i-a94821aa1e7c2b37734844744f723735a7b29b792638d10edf9fd90ff0830686
rec5Otb4tkcB0F9aQ	i-1700d83aaa622a4958c52664ad6c685fbe56cb63d63dc06e11303556a9afe014
recr6qs2PUdVbgYMY	i-1db95d443ef58efa4c655825c2e9657d2623b768038cf74a247ba03ad60f4ae2
recs1LTUaHP8ab6Fq	i-45d34cf497dd3f35a1a524fd4310fb220feab9c3c6933927e1e296599b96f5f0
rec8F7GXroDDzwTuQ	i-27fcb2161d779ee0759679a7c09eddf08ea8d16ada15e3bf44e2fafb5e226862
recyxtVGMGJPMnZUe	i-974f71ed467f590ec8b96c5c4c6da5dbe32196efcce152d1233b9a9092d58974
recsh6HePeEeUWKSM	i-1e69c0f600611db85df60467aeeb102b9e75ac9e0df477d2be804d1171f82435
recNYS04QxncmJHQ3	i-66d5b47639aa1bf2ae6c580c11fa522b7a5cf6b42c1f13dbedb7979fd96d7b6b
receMESYi9gc6YHtJ	i-a7919ec53e2b02607c93244c9e62d3876f232c32d9876c3dedd02c2bf3d85bf4
reckaFcslHLGk9GF9	i-c8b850666fc586df08b06ec996d519545556e54c814f179f1d4954b925d79e0a
recGSQPFAgmtJe4xZ	i-a75198d21911c3bedb3da6ba1552b7533d63ccfc5982e13eaf35888c8fc5e31e
recLy1fPRNtJlTVX2	i-d27a9e5e3e232cb42807d94d4704cb8b2734b8a70030f9cdf181cfc081901ced
recmQ5rPnfRIaRks4	i-b2eb61eed7775cf31ae80534a242281eb6c793bda94e854e343c77e0c17314d4
recPyWrc8SSUSDQyZ	i-1283245a3e689d50759c3cab8735ca5a8312595293f90c73b182f324c2677490
