coda_row_id	arda_eid	matched_via
i-986bf7c2f88103c050667e43aece0efb1aba4168e73ff199fc8b29c854b79819	4e77ced2-d8ed-42b5-90f3-c935540ee318	description
i-405fb93586c1c032aa0883213230e71a2992ced4d9df9ce086e0d498c4fad59b	b3d63f92-f2e6-4406-943b-17effa3a46c1	numeric-base
i-b4de9773ecce761de3cd78b91dce37d5e2a4d319a5f5ebc549e1cde294a55464	c01038dc-4922-4c8f-a358-e930bb73f706	description
i-eea09c40d8ae87e8f23b1007d0d1fef6ed1e890d9c0b123d4209883d2f6fcfcb	bf9dfd7d-6157-42a8-9972-6ec279def48f	description
i-efcaa3dd35051fbfa48e7f966f4f8cb79b9218dcb57bb0b5f7ad0d34ab82b94d	58c4fe3c-6b29-47c6-b7de-eefb1dcc0b85	description
i-ec7ca280c8aa49350e8adb50ede95199534c9a2db71002c41eae6e14f6c56553	076ea985-0160-44d0-a6ff-f5c0ad200c0c	description
i-150f735a1a0740b4eddf3943ce0c3b750a02ca7cf72bc40805fef78688cab7ad	e8acc7b0-f873-47b7-aa94-3dcf10eeeb1f	numeric-base
i-6d273532a26180f13fe546a3ff1d4833d6a0a14246d1e502a360c7906ecbd7d2	708cd74a-f1ce-413d-abd7-42fcd113f6e0	description
i-fca0b83e7b7fd7368716b9bcfdca2496e5380af66faea94543eb569c6702aae6	8ad1e28d-7cc7-4477-ad23-ada55962a313	description
i-0fdf8b7223ea206da960373ea316cf42456d6487d81da9be7f63b9353435acd5	f3a618ad-1723-4aff-830d-e7492618c3a0	description
i-dc7db5360182e06713a7adb26b3ed672266a205cb531f83148f26fd72134a26a	001a8b12-4b3f-4712-9f8d-3bdea0eae497	description
i-b4b63d4d525cf18596145a5e8d48a86f90593d60f5bc2252b6f65ae8a3b363ac	246e01c0-5589-4064-a587-6160b027c555	description
i-8ae980b6ff01dfad2b88078f4cc89d62f0bec1737462111fada6b79de642951e	3267627d-32e7-4907-883c-3147a80b6d18	description
i-35194334cd179a1cbceceb054f297d2616d64ecc259745eadb13a73521ab29ab	7f0f5495-0247-4fc5-a6ef-ac338e7ca5c6	description
i-0c90173da6470ed3ff5c242981127f1438ef97462e8d205457b8a4f8a202ccd5	a48a9b59-b4ad-4166-a1ae-fcbcdcc4cb8e	description
i-616846bb095fc0616df2c2424283822f1b4c219c787f84645712fe64d66df3fc	9a1f8fba-f03e-47dd-b6fc-2cef97f1000b	numeric-base
i-e85dd790a70ef4668ee19f49ecd4793752b162a11ef891a09d5905f94b803adb	4b12b3a2-6efa-400f-9013-50294e5b825b	description
i-550592ea252a6fb737acb171b51e99fb85282e5144cd5040140c83f192f134e0	804da1fa-b761-4728-a553-67b69c8cecea	description
i-ed0e5bb41cd87149876bed0ea07c28e6ee0c448b113ac75fe0dde50643f1097e	29d128ce-2d3f-4e77-96d8-ee557aa8b488	description
i-a8a89bcba65f10f1cc8d0e9c7ac341b08ddb86eed6f38d6037373bbc1a052cdc	e4478491-46aa-4364-a394-67a3ed25a0b8	description
i-8855a3fca7d2398d29750ac24a1fd8636e548f84b68032affdfd7069bf19546e	b78fce70-35db-49bf-a644-811dff08424d	description
i-753342c5d2df9d0d3d86d7a2e780463d753ccb970e32c304c1f9e6fb867d8b61	fb3b0d1f-0434-4740-8c2a-81c8cad38555	description
i-a545956b05040a90ede5ebe94e832188e7994a39a585da11e804278371898d91	f196d4b9-e817-4f25-939e-17ecba2e98fb	description
i-f598a9a8a6fd17725037ea00316b27c1f96e95cfcda097340f8af42fbdf687bb	39cf9174-8ebb-4cad-a9c0-71b44eb79d51	description
i-4a050c2594f6fc9fdfbb6dcca55719d4e77a4bd51d01eb3d9c819d01b56bcee2	5104466a-0978-436b-8d89-64b58a764f44	description
i-99d6aa2a46b134ad969afc16d31067ce36043128cd06f98e6a23167b3fc911bb	ac8d69ec-b306-4fa3-9471-0d868af8d246	description
i-7c1f3ca43fb39bf0a9bb99c27d73b4994bc794c42daea75fb1ed79f083848680	ba813092-4107-4232-a05f-0b7167b584fd	description
i-a5ad1d3cddf6683c7cf49e00660c9c04f19f3ff9b3dbf3daa2dde0f0a7309ceb	15b2e42b-3199-4b5a-a669-fe1fd96ba560	description
i-f650e88d3214ce5b8f962f4707164efcf7ea0e23c57aa526f0e5e1b9113ee79a	b7bdaa31-229d-4fda-b861-fbebf2a638cc	description
i-3d49bd83f5aa7443a3b1035792927c0ba0a8bbce1b4420c58d39bc57e8a251c2	a3e2fb39-1f2c-481e-8b6a-6f2fd846970c	description
i-66bf7910ce9732264e6d3dbc59ea3e506dc3418c7658b134498bc47d2cfaec78	7f67b97d-06fa-4c00-b484-f6fdc0e55951	description
i-44f423b072c0f310c27e818c72a213ae0c66651bfa62b465d0ea780db429eadb	033dd68f-7484-47d9-bd29-9fdd7c9e848c	description
i-1f11b5f573cb7b4a6554b65d2feb591a2abd9beb5c14f296b74e25f11d67acd2	c12e4c13-d36d-447d-afa3-a577a4116836	description
i-9474e8be4d4f830f310c72d51cb80ac31dfc86b59defd1b7d3e1731fb8f013d4	b79daa81-8c4d-4ae5-a458-944f744c642a	description
i-d62e53f2c407e24aeccc88a67d2da1fda7d78a31de8d83755cf53c8a778d9e12	9738baa9-7ce0-4857-9e16-f71c4676406c	description
i-cb768eca0e6456258415070af98e618945b2dfc6b892055446aa5a580a55564d	b45842f4-76bf-4978-92ac-d94833516507	numeric-base
i-45ded808e2473fc2f49445f78b7725d0a115f7edcc1041f6419e2f8ba4a9edf7	99b606de-bbe3-472a-b38e-e0d0e92acb2e	description
i-1b142187ee0d820025b08d8621e83b6953481305464c0c4902d80814e8c2943c	0e3442b3-3e28-469b-ad18-d97aa9df14d2	description
i-67026089757cbaa28c5d61d6d0bd854e95ac2fd27581f5e9c9dbd043ff5ab4e3	0e37032c-d43b-496c-a058-968b1f46a59c	coda-airtable-link
i-f96905312d5ddef70c29c80f1573b7ad1ae081ea752d9721bcf0ab34ca635b38	cb712821-dfe1-4b9f-878d-963c45a1e041	description
i-c079cd646c0a7913ec0cdc167dfb2b4404596f39f42a0ac8f16575eeacf70221	8d29d545-f4e2-45e3-8130-b08e7e6c9ee9	numeric-base
i-dff862575ce953e368a648abb9c09ca58b6b1f456a433d5611287b98fa856a46	67f35744-8821-4315-9715-d13db4e1d7c7	description
i-f02346ebed4331cf52dfbce68c4332febce0f056ca88fc69e13daca6868bdfbe	270db195-8c44-4b55-a61d-989ace16cfac	numeric-base
i-9c6ec57476054ec4655eb9cd3ace3b8888535400888cbf86844fb87e03975ddc	80421508-bce2-4ae6-b577-41249ebb647a	description
i-120054605bbe1ae0f754f734049e2afd6d516ca953cb4f4d0fc3191f5ed157e8	e74c25db-52f2-4a0a-a4c8-2fc979e4fd26	description
i-85a41a4a237250d57269a87bf41b752f32f0b63c9452af71468100803b8bfd4f	e8809a9c-fe59-4955-aa65-3743d99cf39b	description
i-533634c9d5dacfcdd2715039ad95647f347042eef61ada7707e8487dd631c030	a36c990f-ae0e-4591-8ce0-b9e5abaa79d4	description
i-f6b122d0a466ce66eb700505e3c5a5832fc9f1b3ed9414e496b8904a13f88e4c	454ec974-a9dc-44a8-b9f0-e1c38f1c99eb	description
i-dd2e8eb17f06276a2dee06df6b21dcdde775a80e6b50116303a2cd5184447ee8	fd2e66b5-bd9d-4a47-81fd-7621cb2ecb5b	description
i-b6e5430e2e6fb97432f442e2f6da97e5aa53431a2e8d36833d7641f5dd40775b	fab55461-fa6b-4733-a28f-9853b181f7ba	description
i-a1d46fa181f4149f75084638332043fc526fc356bfbc271c51e6afbf0011cdda	7f8d5dd9-90fb-4322-9a19-246ed3447da9	description
i-2d28d6a35bfbd5631a83fdf9e4c784ea3cff0e2c3ca4b9b3707260e4ae550b7a	e292d22e-d5d2-460b-9f2e-40e01d45279e	description
i-4910112e55ad6393f3852dfecfc5ae93678c129c09881d53f62c1d8ffb5351d3	521a4df2-20cd-4244-83ab-572811d95478	description
i-472f80893b36603e8b2919daaa004990beaebee26d3de92d32fe079f139f431b	0c745466-68aa-43f8-8445-771947cb3f02	description
i-716a099a602cd9913bda752aba244ad1777e0bc27e0f06f4ab7d8cf91461726e	740af244-e669-4b68-8d0d-a6cb7bd6067d	description
i-0ceb54c62b047fbaf21763022bc099c7d6395bd0cb0e1645ca9cacbeb0db058e	89fa4e8d-31ae-4a65-917a-8930b5b07d91	description
i-43ae053f7d1435c32269c3d152dcb6d858333221a07819776b25ef2bf340bd16	e2e6406a-2d62-44e1-8d26-8e6f4fb5380a	description
i-3d49bd159902178a84c65eb3436a05509a930e93aead3bb4d7bf0b102c6e864a	12d28a1e-8848-4184-8d4c-af82846d5419	description
i-8ce26ef0410543d10c15e3d225a05920673fbcbbfaf967e13c70b1933ed2d17f	c01038dc-4922-4c8f-a358-e930bb73f706	description
i-63b7dd9df8617ec0a11d80720285768f9606252c6a457ad24d8b1e96f0010ebe	c01038dc-4922-4c8f-a358-e930bb73f706	description
i-2da9995147c7a1f213462fdf6164e1398d37eb44fedd2b6f7f422053ca0bd56b	0813d3fa-bc82-4ce5-a553-7764c6ddc655	description
i-8d5438840b029e8fa88acc8dc52b2434cd866a23ce669e2e4357093dddf9ae17	e0ce5bc8-aed4-4b98-8e89-ad2786e86816	description
i-6af96fc6df2452f7635533e6b962f873db52f6800f1fe795f3ac6e1424e35921	7940c1b3-2189-48c9-892a-5c1f82c0a927	description
i-f0db6efe50e95fd8b8e1f9c49a548713d9a5c01965e4c5a91adacff28bd25898	b1732548-0010-4058-bb7a-49f4d4ba6a17	description
i-5cffd3285b6b6df0ecf431154e07000ec8fec4c896b26dd976a435a30fe52d32	4c571571-b9ed-4a87-9150-7ae7db3a0e1d	description
i-0490dd5ddd4b265a6dec2921c77edc9faf15f08e9e580c2c276bd610cb2d810f	4ae32a86-d2a9-4966-9e28-f6746cec9629	description
i-6baf2eeb8ec4c1922a8be794b503a7854346ace650001531a0b9dbf65e0d4c48	facc174b-d3f4-42ea-a439-0df0d6b4cf2d	description
i-aa4fc7d9d6cb0595fad35a9f0a711987a5b30dd0a2adabd85ef3e0be8e1d0f21	c01038dc-4922-4c8f-a358-e930bb73f706	description
i-470ddeb836a197d665e5c7cf96eecb95d1e337ba6d6c79240caef8f726ead35d	9b5aa7bb-3b45-4288-97cb-291fc06a4a08	description
i-85c4ae34bb1adf37e1b23bc8681f46d74622dfd175242ed3e0afe41850dc4195	6749d1a7-4c6c-4aac-9960-014f81e29732	description
i-9abc924d7df4bf844c94ea6f63668b824ceaa36a6e7a2528f86b08372de2fb83	55e25ecf-ff56-47a6-9c18-7d77f10dcee7	description
i-7cd6cf43c1ed978399b4461201ab8402daaeab7426f90cf194feae1971fec82d	c25f09ee-1756-4c3a-85d8-af2e28ef6308	description
i-b0627cd8ab41813d422b40489bef659731d477bc3abce5a0cc044ef30de0a799	9b8700c0-ca23-42b9-b851-1d42527dc925	description
i-b39bc13f4f21d367e8c404d07c3ed8efb228833dea2121aed15f226eeff757c1	0b1d76a0-f8de-4f39-a2c9-e0cbf3291c74	numeric-base
i-a71812021ad9b7545d7d9a64408b9ff76c4cf9e6ad226dc43504ded1ffd78e34	a5cdcdda-cf49-4db2-ad9f-223dbbebd282	description
i-bf52a8c5759d3bd355d1afcfb824a7d96bfa3270ec2efea7be5f013ec357b8db	2cd9d81e-c0d7-47f3-a9bc-2e01cf9ada43	description
i-14374b08f235f1bc13aaf5f1a3281b54adab3c5528818fd9e170e290f56ed2d3	1d21341c-2e57-4fd4-8151-dfd5e38d0b1a	description
i-87c9a909913665218280f489260154bc840390eb9d3dc8459353f1487da29261	25710fd0-65cf-4a12-afc8-efab656d2a32	description
i-aac3d1c11354dd54eef0f73c40e92886c3d59eb25bce6159432cfbf014e9f86e	f9bacc57-b301-4643-8eb0-01bf29119eb7	description
i-7f44c4039f61ed7daa4584c9218a570e76142c937939995d4462521ad63fdd89	513b8659-113e-4366-b955-035351ef5379	description
i-dd1dbf5c2d737cb619963de5df023bcb3dd78b101a20e089b5eef30e8156c1a7	9246ee33-d1be-46a8-9023-3bcf3fed014a	description
i-2ed0d960694bea088e614411e6ddc6b8b7c3b0b1288ce1393c88880e2e69d7b2	5b5afad9-b967-45e1-b053-90aec42b8e4d	description
i-95cabbb2533d12e934ca042fe28c2647a3d69efa26a1edd24afab6b93607323e	fffd1af0-7399-4361-a9fa-0be78ac2865b	description
i-2c72f64e22ac83d262bd330e7362eacdb634e137b2ee52b77bafc6c5bcd197ae	c01038dc-4922-4c8f-a358-e930bb73f706	description
i-fceebf32eac9b20d9ca2c54371369d0393e4f86a7cb684444a963fcb0669b887	d9da4c02-20b3-458e-b0fa-dbdf0c5fb9b0	description
i-fb6200f281d977609132d425f2542c2240ca9eb2729ede612b52376ec02be919	271e6408-6e35-4236-9fd6-e8a46b52c09a	description
i-73ff49120f4314ebd617ad349e108852032bb37b04c776ad72e2c4aa4d03746e	f3f0ec30-985a-4f30-a85a-7b5db37191fc	description
i-84f26f24ff291ecd0dbde5074c2402c3ef45f4e80d1981b29734f86719aca31b	d0d2da29-5e21-4249-89b1-f6aed927ab77	description
i-081a5b9ffdeb4955cb6c23140c8df646dc947b8cdc82eea84cd194f99cd96bf5	178dcaa0-d8d4-487b-8547-1d3fb5f8fce4	description
i-d1b5912d3daf17ff3753a5ce8f08b38d83a949271a17269d2b540d56746c0bde	8f3cb37e-fab9-43cd-a741-4ab7a4ba80d2	description
i-1c9473d93aeaf2874ede7eb224f29d641760af86d31a5f34c8b2d4c1e70da2b0	53b94b1e-bfe8-4280-b34b-8c9106bd6aa1	description
i-9ff771df852f41bc0b8a9eb443e6f1d28632c27aae48c53ac6133b0be150c71b	d6b6b01d-6d2f-4bf3-91de-947a5b86b3f7	numeric-base
i-3a14c3b12fc8600a6d79abc53daed5c90050043de04c38e1abb178767c50c38a	6d2adf3d-d462-450d-800a-ca29c862c55a	description
i-13eab0b113efb957087ea5cefeee0e52896d5e0d54877becdfb54f4ca178916d	daf811c6-2728-4c82-b763-02050c183c61	numeric-base
i-266853ad7d3a4815087d1ac4841aa12c39894c8b8e9073a2a32bea21f79ceb34	8611c582-2637-4b9f-a042-f4271c6061c0	description
i-e8eb7b5b59c260a422c5df70c935890718fce29acdc566c7f4e2b682754a6698	c01038dc-4922-4c8f-a358-e930bb73f706	description
i-134f4f69b047e0e5ef43850793fc142bd57bd7bd4c63faa86daaba5766dd11fc	b7418ba1-4119-4318-84e6-0912da9e662f	numeric-base
i-028004fe2a0aba6825735ca2772d8d7b7d8dc3a2350d648ba8d9c2845a441551	4714dead-d5bd-458c-be75-8f87d8bbe406	numeric-base
i-2c42967bf8bef341202f9327be64269ed75f337e5fa43f6d1daee6069ddda4c4	6c85fe46-c9a0-47ff-83de-c1dcf247b244	description
i-98a96dc80d24204b95813c6ca8b53cbed379e844b26977f928c7eb1d2a67b1e4	997fa394-98b6-448e-b26a-c74777950b15	description
i-2af2640d55a46d69f0dc75ab9c0ca92ec9f5d894c1fb56647a4eb065bdbf9c2c	d270d144-2fcb-4ddb-8f5a-48e589581d08	description
i-eae33fbcb75295a8a35a17469aa7c9caa9f44a2277a3d441d0c83c9a26bdd07d	58e9880e-b69e-4ded-9f1b-48fd3dbee06d	description
i-4ce292fbcc8190099022a785c6f6bdd4a9643c714defe59e064a243f79297b23	74991472-a50f-4472-b40f-489b494b6d16	description
i-5916e5e33941e5096af534aeab3062d64f85691ed1a0a5ae71e99117773635b8	bc89d8bc-5f25-476d-a3f5-ed2025690364	description
i-d7c8fd4c18c4dd92a26d988ef9593f27273925565a57098573d275d85dcf2107	640b4368-b1f9-49e5-ba44-0918e60c714c	description
i-5b864d92a0ce5634ffb2dc7281abb39d4f1144397f904206f7e2a636621391c8	fd1c903e-5c9c-4137-a2f2-c4edc92d503b	numeric-base
i-9511d4d0640aa617cc6c281ad1cc65c6a557a7a61c44c7ced7842bd6929db100	26278550-d319-4d87-9639-7b08dc795ed0	description
i-37237b64523cd2dc93a7142e17c5c940420b1f024726fb1fb7a55a36d4d8b27f	174a6987-55a0-4c13-bc3d-86b431b81a25	description
i-51d1eb3dc2533bf4bf81c5cff5584859aa69f502b2384d1be9806a2d7b7833a2	3f1220e8-2270-4c59-a6ec-b72d7b8b7983	description
i-829aaad502bd85630032036601a4b710850ad10b275753572a46bb97456d1617	e28ccd4f-7919-4884-9bab-e45deb68bb20	description
i-040719b6fbd8746fefce69f05ef5e95a6047f670df4a27dc6414a0e6db61415e	1490b39c-539d-4cd2-97a0-e862462acf7d	description
i-c050c7eb5ff6226474f68a37f50bc75c683fc9ae91ab9778488add96f600ccae	3c8c36d2-fbcb-4c23-9f33-65a049149a42	description
i-d24de6c169c83bb4207dc6ceee4d5d0d67f018d6a0b19cf7ee0c1daaaa004de0	14f7d7cb-498b-43d0-ac38-a6c335f1e775	numeric-base
i-05676c8b4aa624fc6e98ea475cd2fdb38289bd9f1e1015b36734516c636a94c4	24437aa0-bd1f-45d0-82d8-0fcec7a36d9a	description
i-a7ba088e599cfd0a4a25448d87f436184e351ef6c4f1ade44c9f4a3ebab7a515	e384f0e4-baae-4824-91e3-890197502bd3	description
i-e8a82dea3bdd2aa11bee644d281a233d96404dee34094acd9c5ba3761e0c4435	4dbce822-8560-4bbc-94b3-efcfaf27d6d6	description
i-7351d5217f660f5bb4fd548deaf0fbf553519ef24db31fa805bebe6540a89c03	39e9b80f-7a27-42c5-ae9c-8320e4e6fb75	description
i-de3ba445ff7ab798f0937031bec72c10a9216746b33d59a2467c463a72500a58	972511ea-a3aa-4946-8676-e7785d81b571	description
i-163f49be205d67d9e9ce9be84997515a7d64b9f69a7ca5f362ec23cec38e7db1	3e3bfd11-b0ea-48e8-b725-c52b3dbd6cab	description
i-972a4046980c3fa000659163a937a607bfe755443e7d082c993a9393902298eb	6efddcab-3b61-4cf3-b857-7236133dbb01	numeric-base
i-46a300fa5923501fe7aa533d783fb50af47a1a050196046aac38362f2fed7ebc	91dd5238-6658-4686-8614-a9248b34e628	description
i-f540313e570393f599100d568d84d13a44eccad36c7d444ec0b4b5a340eccee8	17ec1ff7-2275-43c5-b2cc-1efe2c667e81	description
i-0261c7cc2374cb58ad38abbd68a83555f0d44fb879d527e745719b99c3bbe88c	c54a9a57-ce49-4019-a8b6-6ee35b74e3af	numeric-base
i-b09a13c6b60a4e0abb7e2d748f4e69ae5e85a836a985015a87c002efb0719d7a	de4c22f1-5d56-4a03-b7a8-e46cda66e93a	description
i-af32610632831291dca620c51254f70f34d7d66f4a4a8b188ec9fa883a88867c	b1146af9-42a2-470b-be78-49c7450fdef1	description
i-466f4a30a006880800e7adea170f554dbf371b4fc8b0fb68c3a77bf972b0254b	0b12cf33-fd1b-4d2b-b9fa-16ef60878a24	numeric-base
i-c6b1e482ce82e1ad282cd31cc0bf9b1c16301a4dbcdade2161002c8466de8870	954fd82f-e916-44a9-affc-4256d5f222c7	description
i-d1f947644dd7ae547b38f1e596533284d78145cb5c97edf2e9ede58443ee6bf7	f3ae011a-5df7-4252-852b-559ec24790c3	numeric-base
i-c46840cb147986c9a905fafded008dc3c1c247dea0eb3647780d057a9ea28fdc	4a86177d-a90f-401b-abc6-86228ed25dac	description
i-5757892a89a137008b89480e389d0ee778496f4e6b6388b034611778d2e26b0f	b152f212-8c16-4004-af20-de8554a126d1	description
i-0a9df1483d1d9340c71a09833f05146e1fc2fa672f5790d8834342d2c7896517	cc22c279-bab5-47b4-b9a9-102cd8732076	description
i-50ca0c64be3c86df4e793ba8aadfe9dca2c185c7da1c0828acdc318e32ebf714	6e02df3a-9f07-4d6c-939e-02d64a53aaae	description
i-ba556109481e733ed8fc246ef21f106e9a28a0b540ae41252efba99ec3bd668d	29103774-d417-48ee-a4f1-29dc04584787	description
i-2d7b90009f024f18bcb6417997e47fe0e4116095117134238fb46cb7d417c87f	675a32f8-3884-47ca-93a1-cf6fe87ec74b	description
i-4f212b2c303e1d52824c35f36852b9fb14029a15732977a897bc75979cb7cb71	09167565-d0f8-4209-b2fc-b67d09301a63	description
i-ba32673a2844ad8ad341627566b3acbfa90b90a48214055799967153a9ae3553	80dcb6f0-6f9e-4920-9b29-9fed155fe732	description
i-43ecae8247bb678c1f1c91c56f1c540bf850b5569dffbfe59b8ca161fcb1927a	72c86e57-5893-417e-8ffc-2edec37e681e	numeric-base
i-c817199ce009a1fd05b92b54479173bde01fbb3802a714ebdfe9f0bf7248975f	418b3465-99d8-49ef-a935-56f6040d06c5	description
i-933f4c8ef5e4cebefc161fb3fdbaef32f2ec0e26a364dcf366c8a1a7d0b6c8b3	f8f55418-d065-4cb8-ac57-555a8d7883c3	numeric-base
i-ba73830aebf0a56426270a8e8b7f34ab386c605a7680d9f0ae0e71f7ac15b2f6	14f7d7cb-498b-43d0-ac38-a6c335f1e775	description
i-0e46eba1655568823886ef0c5d75f467d8ae2296bd056516c8996e11c304c6fb	f45d3413-3589-499f-adbc-7aa54491f6bb	numeric-base
i-310402b2000da12022b865a581cc0ffa7bd0e7668f7809ac0470cae57c7c434a	0af39e88-4bd3-4ef7-ae84-d0dcb9f72a91	description
i-2cbf6393db82a2a9110245b526f8cca567a7988e332903270147cf1dc381a6af	c01038dc-4922-4c8f-a358-e930bb73f706	description
i-54bc99eb173ce74c1246badef9392e0ce11568183b0ff7ab7ebbb3ad4c6c826c	a9051ebe-8fd0-431e-a9c2-e018f5e7bbff	description
i-47983f38080e1b37c4527d9b83792a0f0f067f0e161319fce17cb17d99d0cf55	efa67cfe-a107-41cb-b179-62f7118d3ad0	description
i-e7c78a69f0e946a00c1a345c7fc3b61e63fcf0975d4969adac66b23396581b06	ccf456a9-b1aa-4571-ae98-31311479d27b	description
i-1fda617ddbbe964cacea820140c3b38e4b99f0581c55cd50658cf399ee958154	8fd121ac-5e3a-4227-94f6-f4ebdb52e779	description
i-7f8aa9edec307c58c1399ca2e6dd1c84dcea478fce37c3f482092466bb8107e0	a5e027ca-d1f2-4380-b2ad-061a5cf2b920	numeric-base
i-55c331f85c1acabeb682cfebbcee17ca000262c031d7d066f2058b09469df136	6a040e03-d82a-4fd8-877a-bbe4a540fb3c	description
i-b9c863a1ec5e67161ce945ce3f43a68332b809192cb79ad388b3b5fcde953d87	7c13a6c6-e2c0-4182-8be1-9e9a70a22d2a	numeric-base
i-abf811457a86b1b2751e65921ea527f8a4536ed3359bdb2c6a90546b5967e2ce	951d7914-cf5a-44fe-8794-8595821d65ba	numeric-base
i-2074b164cb23b519adb3b24e412dba69620976b123f78aa02fc436ebb91c32f7	da37207a-3490-45d5-853a-6997569082b7	description
i-92985d6a716105758809666f1c0d49f1d5bee72c675da89ebba236d4d9c6759c	b4128f1b-b939-4ee1-99e5-ba8869c78394	numeric-base
i-51ea494e184427626a2f96ff81e799264738ad6e8fd7b2351303d0f98febbd10	5aff4a9d-d819-4f4e-8e64-7df83a8c56dd	description
i-98924b69c2d88dac065580974a42f6709ccf369c21c40e9356055b4a5ace43d7	5f733e41-5b40-4330-bffc-b5b5d618f9a0	description
i-e4888f63399afe58feebbf99613b314d06bac963be635065dcb2374db918c38f	cd2f7c3e-abb0-4c62-a0fa-921b15be8b37	description
i-56c7c9585501fd222cc4a3e46c7bc156f6e0af3c8724c2117115459a14a2c7ec	136fdbe2-f516-419d-bd4f-b13d75ad78e0	description
i-65649d71a9d617a38691cbda99b87b29fc299a4f147b644915ac5463e63da103	b581dbe7-1b01-42b1-ab66-a9c4e55dc649	description
i-0e77a9ca8c786c78f172604829a5fcf9a93d98b7956f827636c0e64fa016a49b	ea24a8a1-935d-4c6d-acda-015c58af82d5	description
i-7c3d9cba6ae78995dea17e0b797a1a641adf400dc73cd5a80142e7123ef689c5	0e6ee2c7-8279-42d1-8c84-977769412491	description
i-8e231ab1a4f3ffcba7bac2e6aa73021193eb5e85642e0c227980871682d7ccd8	e30edcd1-f2ae-4b0e-aa55-0737288422ee	description
i-64ae3f9c396df42e5633414b869a18775bbf4d3ca630e02ce460f0811311b2b5	9808f939-6fdc-47d8-a096-8df607f1ce12	description
i-9cfd8fae9a5399fa5f868cc60e603ae619b2ab3529f8330d6afc8e4a2c649550	f52422d2-1ce3-44e6-89c9-34281a74ad86	description
i-efb3122d6b9b3e2839c40409a2ad049a782b99bf40374f6f2fa47847802bc115	18da7784-7419-4a7f-a6db-4fcca71a2602	description
i-36c532991fbe38db8f25e58738ba3cac3afb73d3e10e519d2ef557092d1f7b94	f78105e3-70b1-4739-b408-2526eab8c1ba	description
i-9c4f5121a8fb4a5d5386edf250de4dc9e8d29af563950ca196925d0cd95a2f2f	a8a5e48f-ba13-497a-9054-0e0c007fa0f9	description
i-e1bb6bd85de5e8d0b4c5ac59271b1d304e06327381e187339f52bf765272b70c	93347b9e-b651-43d6-b048-70b248db998e	numeric-base
i-8b8f5be699a3297c2fcbb97ca128f506850225e9fcee152251a9e87754a991f9	6ebbc0dd-88ac-40e8-bce3-385d599ca07e	description
i-2b34142107c1e87ff852448d3e8c1090d145a80c19926eafd6f323746682832d	c01038dc-4922-4c8f-a358-e930bb73f706	description
i-b2aa96bff82fae177e68ed1a9430252c3e4068e6f7d6958f19a827d486a12877	4341d197-487d-493e-b0ef-7abb4ef50925	description
i-4ed8bbe886a960578d5f6e8d3c9aedae141ff90b72d58f03ce05a7ff7c35f7d4	c4df624b-5ad6-41a5-aebb-673a5c251bc9	description
i-cccbd4b095b5fbd936377c0e028380f604b762eb697186c88b710f816c9f17bc	c54f2793-b4cc-4c0f-bec5-52c7721e9f10	description
i-21af35299f87a202d0eabed9177a53aee68cd0d9fc41cbd9b452a165c7927c08	fb8ad8bf-8cd5-4490-a43c-382db3e22374	description
i-474c1662c7c40b88fdb5596fd3e14a185f416a6bb617af3bf91ae53c9280d6bc	88009018-0845-4b1a-b50a-4e14573440df	description
i-ceb33ac28f3a3247f09f9b951c9fdcbfc9be7887c0ca42272beaf80c5df9708c	f72e9bbb-145b-4501-86d0-450442ce157a	description
i-d4147f5ad4650caae4c170f6f3ec19742a359e598051c61337551ad10e9d680f	97d99c69-e1bb-4047-a154-2881f951a9c1	description
i-4c877c9966233d71e9cb2a89b62ae460e687a2d9fa76dea41135e945390251c1	d8e82385-5873-4330-8b13-fdb2b512465d	numeric-base
i-3724f167ceeea744098bc048e6d5a98e5c61ef0af6e546e77a2f596e7b271316	e20786fd-5bad-4eb0-b83c-dfa465d1469a	numeric-base
i-4f60af1d66add56bc0c5ce7a2b40ac2f27ee675a1f22442eb15827f3da226fc1	8172c5a9-f89e-4795-a244-27769a7b4f0a	description
i-dc9846bf75daa2394ecd0633e9ae2ec362309806da6ab18490adb0f057d7c1cb	c01038dc-4922-4c8f-a358-e930bb73f706	description
i-661f445902000adf43cd88ba72f04993d13864dac17b7d4cd1aa32ae19ec0183	0a53e22a-3a1d-430e-904d-d5993ec04063	description
i-b652f5549cff3a9d60ef89b932a35444fce06e335a3f0411c8a7bee977b8834e	6a6152dd-4af8-4307-9936-2f3fe40890a3	description
i-504e102f06efa2fda2241943b128c0987fede1fda18ebcdb2d8664707ab77c40	05809847-01e5-4f16-8b3e-4f3d1dcee8e7	numeric-base
i-49949dd31e7fd0658e48212a60dbe8e81e2e51b5f0127b9b94de54710ea92aea	586bfcba-2681-4925-8a5e-b96e22a8bbcb	description
i-626482e917a7298fd9944ae7cf8e553b131b5d607a3b281341c439771b0e8124	e7fcdf66-46da-45f0-849e-5845491cda0b	description
i-dd2986d58066ec628be4b62eb3c4e847c7fe7f9d1827145b164b477d176f7e24	8d518d40-c3f5-44a9-94c4-c5283a3d7b0f	description
i-0d7f1a21764b046828e759688bcacf18025533e8e5465ea10b96f7d1e7e362fe	6e49660b-7e60-48a1-b1bd-e7f3583372aa	description
i-9312f3c50f3b333e3482798333c33c22edb77aa6c6fd76d377c85f756039b1a7	982a56f9-0a7e-4607-8a54-276be19e8b46	description
i-14127b7705ad525078c2ff236b8ede20067a6b1a503ae1c06d4d762f7474c882	16532cd4-c004-4535-89f1-69a0a16e5a86	description
i-77c8e51bcbe160a91d89d1ddfa9a892e96ad482f603c5bd918a04780d09351d3	7b952c46-7ccd-4bff-8ba9-f14430d5cb67	description
i-c2c5acac6367d1540ef27f1114a9ed65727f679e75dc822fdbb6279ecf09620d	ef79008e-0198-45b5-a156-45fb15d20f45	description
i-fa6d9a37b53a343b4c71068c1e529787cef5957c556fe93211fccf2065690961	3327249b-a521-441f-bca1-d5812efa83b7	numeric-base
i-01a38e0e5a38d14d7a41a1558855984a309d200a3c5f5625095390ff2d25acd1	a9ba0981-8b76-450a-967a-a92e3f596a77	description
i-974676c1b6587ff5e710625864812d6c268142800ec38857c76d4d7cbfcf38bf	bc824106-9ba0-45b6-b95f-681977b8509e	description
i-ec27b505b7676ec948227abd11f6774b1df6f20949b6b1108382b698cea43f40	3df5b45f-4271-4a11-b36c-559b28e0100f	description
i-81a89e5c76ffcac2d483e35b4c14c748b1fdccb5855b8cad6d3f89456c3bd350	4bc29e9f-ee35-4a48-8cd7-c73b1e7359b5	description
i-a19c4c84d6607b095e9f16ae7797453d9881a5a3c9f7bc54084463219a8ba537	3dd3cd46-a992-4318-af1a-30e136994ebd	description
i-c2a246f044449725596a57b8c5825e44297a4ef939c065950ce4695efde87e02	7eb60815-5d57-4fbe-a14c-272c8fd321be	description
i-26ce10ca905ec1f688bfe7154a12dcc8e77b5b190688cd3c232e05387b0d44ee	6bb0a743-f5e2-412d-822e-802db3a25525	description
i-866c45611d7a648976504761f49705faac97990d5972f208472cf5836d48b652	638e1072-abc3-4edc-9af7-07ba812c830f	description
i-0989714a8133b65f6831ede633f711d1cad42951f7b649e58f739ef797e9c75b	3c4be116-9f59-40a7-ab4c-a27219506f13	description
i-010dc1d206ef27ae3942f5179e6bbe29f1eb6041d5664a2e2eaf9265e841f775	2e44128a-9c07-44ac-b6a6-e8bbc52a529c	numeric-base
i-900bc607be6351e9dd439da9d41918b4f7e9b01078b6b62aa52193090f733bb5	d472deb8-ea50-45a1-b91c-f023909c8e51	description
i-0d79d9b5f3f22fc6662d4233a003de30f7633993525353414ca4e918e6591500	c6d64c81-12b1-4bf5-92d6-66c72e31a60b	description
i-21c36d2715def6d7c9f641236b883d64a1873ad25a31a44c418e4a768c301d7d	8e4eaa7e-16f2-463b-b5e6-221f4a167130	description
i-5098f32b88d23e2b9196bccc9ab1af9964aeb39f5b85573e387ac698bf9bfd19	558ea823-095f-475e-a2eb-d33ebeb3b6a7	description
i-b3e511ab51e13f1098b6742d1291deaad28b8b76d8417ed5ebdd6adb5eac78be	b61b2b1a-04af-435c-8ca5-128061761d8e	description
i-614c48d731467c18d8fc47bd4be1769c31250938416ae29497b6e52f08ca5e1a	8adcb828-f41d-4d3e-a83f-1eb745db482d	description
i-956f34fb66e344170485ff96e2e28a205c7033b88a9c1d10d82b9dd7ce8f3a46	4884f40c-8923-46e5-8ca8-83c5c9a8429b	description
i-cf7952b46e9c52103d9d56fcd6826bd4dc00d984e49d20c231bb9faf1edfb725	4b2b5736-7344-405f-8d6e-da8bee826f7b	numeric-base
i-899f656887dacdd9f4785bd3e6ccb716d962772355cb75fc41e43469d3a5ed7b	a0f2753e-9cff-486f-902e-5b7b38d1e542	numeric-base
i-34ea71afb5770e7216ba85dbd845d73961fb0db152baf5a2143b544d8c694ce7	dde8fb27-a627-477d-be3f-59562ae052f6	description
i-6544ddf6e4bfc941fb5376ea832c937a323c82deb967a796f6edaa09dc27e8c8	36d9a964-e50a-4fc8-8d50-19b9d204b7b2	description
i-295dea5437e99e2d9ade233736d1a293753899a3eeeff65ac7c5848accb211b6	59df69ea-7185-44e3-be58-18adb59e2c9d	numeric-base
i-3f13f2216386cbadb7283d8bf14097e4ce989b097380003c50a1a921ad4867a4	73d1b1af-4d80-40f2-a080-765a9b0cc3f0	description
i-3929fcf35838c7217c8b1db4d2d9e531578c38650fba9766b85a0ee22dfdb8bc	1381e02a-8bde-4b60-86ef-8241f1cee89c	description
i-94ea21d11ecd00502218d12e3f4b09411ef4acad34cd447031072ae852be3fcb	595f5ebc-712e-4ccc-8b26-572c183255ff	description
i-24a97bb8dfb9d316b4594a3efe842afa6612c790762e2271cdd9b801e0b9d82d	8c72361d-903e-43d7-ab57-1a7ccf0edc24	description
i-bcb8f13b9912eaab5a29eb97ce14756f19ccb3717fc787efe0caa576cdd5ec33	4e4ada89-90d2-4cdd-8493-06fca49e1522	description
i-ffd7180c59274d62e62e62e6209986076b2ea06c9014a6d0ed3acd26f703f26b	75cc2cf3-52f7-4f9f-893b-5fffda16055c	numeric-base
i-8c77f149b97de64927e0cc1bfd26814f8c02824155fc805268e742e691745f6e	92c2e25d-f190-47eb-89b5-12529e105ea3	description
i-a44b3a79fd25eba7b2fae102e58f7f150d5de10354a75ffe35a66173d57d6a9d	fa552477-395a-4693-80d0-55e5e1135cb4	description
i-e70a260939b5fa0e6a48a2ae240fe2b7eaeb9b87f23ed4060a244d97b5ebac29	3bb688cf-c123-4e99-a753-ab3d5cb5de03	numeric-base
i-7ee29b9648a4dd77f9f448419c4039da1e0994d5756e5334eec8993f9204b838	488d2766-8696-490b-9636-4efc81b49d7d	description
i-bed340f8c96f7ea596b23c5dfc7392201750cb6b12d66275697fe851d3b6e945	a04188fb-1654-45ad-b740-312cd1115efd	description
i-1a54172d2300bd45bd084e1cf95788d3e6e46f4219e3c3787dcfcf8ca75b5f92	2447258d-624c-4775-bdbe-0df9db9e7eec	description
i-d929103f4141203111753261b26587cc112b3fc7cb6a3e5f5648e9771cbc91c0	4f7269d7-d4c3-42bb-a703-6995119e7a71	numeric-base
i-b78b0420e626032534cd0672f9c0c461d4c1250743dc17a403764b8163bc6590	270db195-8c44-4b55-a61d-989ace16cfac	numeric-base
i-1ef2e2ea1639d0d20bd626ef694e02d6b573262a16635c1206cbb2ffe6cd558a	45740ce0-7f20-4753-84b6-05a966f62bd6	description
i-c91f23cdec7d1caa0bf3762491980852ca8a69fe330fa773e22c59a9abf53b15	2a61b181-301c-4960-afe8-969b367cf133	description
i-8585058b5efab7be9933e291f86780d7958c3e4c48c86ee9437b97d37b727dd7	eac516c1-71bc-4c7d-91e1-6f55aebdcc0d	description
i-75c0d8a5291165c33777b42aafd7df9208a567f8c8ebe803c8e6028e7b31bcc3	c01038dc-4922-4c8f-a358-e930bb73f706	description
i-79fe670a6a000956cc17b2334cb1db13cc95f9396be62385fb9a32369d8afe85	741636b4-184d-4725-a1fa-38b5c1e6e1b5	description
i-8ba987415c5997c326b92393f612a9b558e57f5de0f92c139c8852e9a7043e63	cc19e9d6-6dfe-4bd5-bb49-8eeb830a6ec7	description
i-da0ab8e6c125e8563714ab230dcc361728c79785adf00f85eddc0c64343ef84b	b0f4c748-976b-40f6-9349-84f87aaf6995	description
i-82684460e53d7da89400d62ce0fa007d223cd6f4317d6e0ea4773d95b352899e	7e1a0e87-a357-4108-9a77-afe1aba3d2de	description
i-e53bf173b0e2e0c1c7c80d04210fc7d980f660532ddfddfe92948f3d46be7114	fad60198-22b6-4956-bcd9-8374cc615d08	description
i-e58f51cb075e6ce6208be887b44e2bbf9061098fa6397624223ff04ba420bbf9	fa705c9d-533c-402e-8c75-7fe088e99ad2	description
i-158810d4123956c4ae558ba98c93cf2f412a9d8dfeea2382d8d486ac63c56805	b7690587-b216-44be-b679-8ca5e4e50193	description
i-5b5d1adedaa513dbede7cdcef1972c0c6de46a0d90b252a96d4c5f48ac57bc94	05a83457-f1a8-4c15-a021-701d31dba2fb	numeric-base
i-a1213a3a12ddcf5305e63bf30243903395eba816e92c700615428c96a274dcf1	9217dd42-55ba-46e0-92e9-ffdfec666f0f	description
i-c7519030d23e3f65519aea737a933d50d8471bca810cc0b35b7f004dd01fb456	7b6f2cfa-029f-40c1-9e91-f2c5b9d264c2	description
i-2fa627c39db3a8f746107af5b68a7a32dadad7f0a02666c05dc9d60d8cc41fbe	e83a453e-cfe6-4717-a5b9-8e1cbf3f2002	description
i-d2c786be28b719fb9dcf1668784b811ff477d3858c341235d76dc209fbbf354b	b1bb4f83-60e0-4eda-a79a-0e115a277245	description
i-8744bdbec710a2b18dc89db8541dc9543af13a92e23e138cc799b8cc6319462a	ccb062ef-bb67-4423-a20f-faad706a3e96	numeric-base
i-5ee96d94c6a5475310d4d5fe6718a28ee37648683f2c830efd245fdc942e56d3	3d6828a9-7fb7-4d8d-a384-958378bd0c7e	description
i-620729656cba85f132bd45cd68e404382eda26441dbd713c69b82763717562b2	68155b72-19a2-4d82-909f-c84161fd6968	numeric-base
i-d0c6282ad5a945d7e8d50423fb0bb0fe7e91f757887cb38c3ab2046a7857eb08	4904933c-c9d1-450c-964c-b3eef35566c2	description
i-0885f4d3bce5c54728348ff7a864111ae11dc8badd08dc8d9e47c62782538924	7391accb-af6b-40ef-90c2-69dc19fcadfb	description
i-6fef38a105af55259821fd139d01fd97862969f759e7457ed0ec3e7b248378b5	894d81f3-2f5b-4884-87ac-2406d7eeb427	description
i-7e42b2c99accc1e21d5519465ec74238f6cfcc6be0d952950431d6ec86c6ad08	093717eb-774a-4a4a-9b48-e920ad9a655b	description
i-7bb38c7c0dbfe15de887dbd1c2b398a19d1173b33f90b1a88482f0b4a1491f09	1d7f56c1-d27b-4e9b-8a28-f95ec9ce2da6	description
i-0656a3d1bbd25640bc80dec6f0ce860aea1f544fb40f1d07513cffffda20f966	c01038dc-4922-4c8f-a358-e930bb73f706	description
i-3693310bd80ad96832a1284538da6de3c78142449e1b411645307408dc731d14	8312638d-9542-47c7-be70-60fbf7509ba1	description
i-9bd58b0f65a61d54e2c1518647339e584a6e977b9ccca56869f9321c27cbde1f	e6725ab3-ce74-4353-9246-4d2837d4e59e	description
i-334be53fb364668503e0cea59f416dc1aa9578f5fd1183563374bcf34d80b57f	f10ead73-f586-40f5-8b4f-7da31d3fb8dd	description
i-a825805ce8e02eeab12d6a64914ab2c5572c012af4e08b2fe58e042c691f54e8	550ae9c6-9c76-4c45-90f7-a7f57ae9c2c4	description
i-8d115a1c51b3442aa9f5d8a2fcc63c671430874899c8fe8d9c71552e8a5322cf	4dde8135-a550-46db-99f3-245d8d5ec5cd	numeric-base
i-1a108d7c7eae2ef3aac4d25b8f3d3fbedae51f32a949ce4998c16cfd74b01844	5118fdb7-3359-4e58-bc95-289bd3e7857d	description
i-6146509b4b6e60d4553ec60b0fd11cfbb7ebcb634488851d911113855a1d4ebb	52b2bd77-84df-4bae-b616-e7bf241ef094	description
i-bb42c0b898bcd3e551392bd7cbfaa49e4586efe6b3d5ccb516af1fcef9f275b4	7a53056a-6c00-40c9-82b8-b2784f4578df	description
i-f408841ac8fb9038465c0111cc6abcb4afe6934fcc494847364c35e697f30140	c08ece1b-2d35-4517-9913-e4e9af83b9d4	description
i-fa4d8cecb14b28036ab7e2b23c02ef17fcb76402be4cb1a39b8848a641fa272e	213fd0a9-d7c6-41b9-8c9f-f53096e6002c	description
i-050910beb250d8a50998db422d642374c987e8b576e0aadd4e50ddbcf1bb600a	8c45e4b5-47e5-4ece-b670-79bdad1053c7	description
i-2213c779c889563dda13956507e435dd1b56160c680ae06a5aa58126d46e64e1	db630090-f1b5-45b8-afd8-49bc7816ec6f	description
i-62e59c2f57706f4410ee579f064f483d7a2e7a782c381aa87ec24578a03e8402	6cd80388-cfb0-4892-b78e-28773adc6360	description
i-a3a0dad533b8f8b17ce29a9a8816d0b2f7ee508217aa52a52faf4d53b57bc655	c3a4568e-bdec-4698-a569-eb5730c7953b	description
i-e28b471bfebb72b8b677404f0320e61102297245b153d763b3f7decb0ed7415e	2a0138bd-1151-42bc-a410-cf01a903322b	description
i-633b825a375d763c6142c128262a8ab239900d436b5bc34fa1adb6e16e63ca43	c62e9e9e-7777-47fe-8fcc-1fc6475c2a4a	numeric-base
i-849fcdaf9a4c42174ae6cfd60d20a046742d1a7fa32a66c86cad21f33cc9edcf	d210a5fd-9900-47b4-8e0d-38e63aa41459	description
i-431152a08646c952aff4146ff1f63f9d594729fca4793578249a5a4ff9a01310	b0a633de-9aab-43a0-a786-a9987edf575f	description
i-2a0f740f690fa07fcd8ddfc60172c0f817e529087b953e7998ddc6903a59d5c7	adfe4e55-1f8e-4e86-a6a9-76fa668af4eb	description
i-d5d4d8ced7a72b30fbeb6309c8ffb231bba30b1615c1d874f518bb8ba29ee905	9b7a7f75-9191-4e33-875f-95d425e71ce9	numeric-base
i-150852185943aad4f998cf8126a0b1063579958cff024364da3f485e545e0135	c01038dc-4922-4c8f-a358-e930bb73f706	description
i-0425b240319ab0f99ffcb81918c0a1e6499104eef509686ae2f47cc23a519ab9	e92e9936-2de8-446e-986c-4a9741e48ac1	description
i-9310b36949fbc6624009dc5407109baf43428a1125350503265187d9a2fbe994	5a1d1720-bf02-4cee-89ff-4d27a48bb9e1	description
i-41df0d54dd267ce99a1ad22d6db40127eb8d271507b08a2f1c020182ac7843a7	d65ee2a0-06b3-4d93-9a08-0e638f957bdf	description
i-131a2467a4a3e86eb5bd6d4bfb947dc7091c76874771374b50f0ea4bbebf038c	26d58b2a-2b42-48b3-a72d-ec724e2d34db	description
i-afe4606f9ef0cf8dd9f06818fd282c7ef0fe10bd069eed30307772ca85e5e392	b58cb66a-da20-4cf4-9902-7f34c42136f5	numeric-base
i-ae75889165d4451bbee9812c323277c4c8742127aa5b7065c005a3756fa21638	9196ea94-b67e-4b5b-ae4d-9d75fffef1b2	description
i-cea656c2e8fe84a1502d6b6a3ea5e98835811a0993cdd6a8ed4bebe0b7468d25	500016c3-af79-4185-a095-e1035740f0ac	description
i-f40057453ca8ff42243ca4b88e7d640e5f160dba6afd2ac48b4f9b7dc3bb7cad	1205ebbc-a8e5-4cb4-9f39-fc5fa9bdf55a	description
i-0bb1d3161fc70ff867107531ed2e441dd9afd2c4fa7fe1194d87e6da39495c5b	34c1356c-8b35-4bbb-8763-fc5b04c26b18	description
i-50595a6c6b515b5bfc0dfab8133a00d65541432b58104952d5766a04590adb23	bb66fb27-5d47-4d67-8119-be0fb1707658	description
i-f8100053543374b2dce00f9f97357f311ded4378d79606ea0fdc7b6dd759cb89	cc64616c-8430-4797-932e-b87a475763e4	description
i-8dc89c5d183ac0f502e811a80d87e5e0fb53d43cb8ca6192c6cce72139b80246	412a2e70-4a0b-4398-bbda-e27cad046d10	description
i-f57d4187dfd027b012a666880820608edc4e911beb7176dc625f9e32b940be77	9716ca3e-8da5-4a86-9669-629f69812b61	numeric-base
i-76dca56eb07bfc245934518e4483e7f7e9ddbeba69d711e5946de85148164600	235f7984-051a-4f5e-bea5-0ad0e0eb3e45	description
i-0639df0900f74af1676e1fe8b4affafb5a75eb3d0bc64f7e86ef1616063dc23a	bf374519-256a-4290-ae2c-7fbd965131f6	description
i-dc14b06b53d3ef3cd9d453f311e0b5ea78b2a83b05c8e3f01d951667f97506c5	c3779d0e-d3ad-4638-8c17-fcbbd2e5f188	description
i-138d1f39b1ffbd1754c44425f0b1b3171becf87c0184f38b589ac7c881de3b1c	c01038dc-4922-4c8f-a358-e930bb73f706	description
i-16c98ffb6f407e3c6062c1029b826cb6b22d1faa90a49221009bd27934b07ada	9d9a6ab3-c4ae-4570-b73f-2ae5bc38d641	numeric-base
i-eb82812a626160da4f755108b415cacf4f3b1da76586182a9154e2f1830a2c4b	5ee4afa8-4dd1-4a77-86d1-e94c1defec6e	description
i-5d80166212e93f6b6eb3c28873778037547c694beeebd0d33ce6844c2b855568	c01038dc-4922-4c8f-a358-e930bb73f706	description
i-c0676a5f3aec125a351b2d056aaae1ce8f0ec6dd37f60eb80ed5cca40c4a545e	522a7880-70e6-4d13-9df1-aee88e61db32	description
i-1d8b5b36952273385aeeff41e7d6c815119c744fe63e753d58bfa29352a2c7a8	c01038dc-4922-4c8f-a358-e930bb73f706	description
i-4e92888d35d40aef004ecc34c8639c11159864b7e9c13e80e3542294692ddfa8	bd22c28c-a8a0-4277-b930-c1595fdfa0bd	description
i-ebe5b455a234a2128a937f6a79e6326ce994b47671c32f59c84289e0e4873cda	9e65e777-d3ec-410e-a917-c76cb48490de	description
i-8c5f088186b383c615ae0ce8c53c7a0ef1b058891dd1aa40b8c0f91177f4459b	e357fadb-f42c-4c66-bdb6-d4f6a48f8b59	description
i-555321f82c3d2d4bb1f1e081b55d46a8c4fcb47be79f6558ddf0942ccb8c6ef5	4ea398f5-312f-42eb-8d14-128096a6ef3f	description
i-8fda13c21a194091fc678b6061697ba8d1818b52d315f442e3d7610b7b539406	ad4e1f7d-9d7b-4905-b1a9-3e3e36e12918	description
i-7fdb70410a9a4038ce6dd00f8546d162c00ca7c873397d4741eb954756a4b28b	50a0bf4a-b167-4897-bcce-50292a71b679	description
i-600f67ed6b6b4e99e33dfab153ad0d6bf05f22d9d45b21f638809a955a15b218	21f517d0-9f66-44e7-9c41-e471b9b37904	description
i-0f699b128ef6ffa33e559dfaf75f00e2a2ea7d08a08f2ea5aae801576618928d	94292a9b-7da8-4f49-86ae-d5314fa6e5ce	description
i-88f0e01c65c3d806c78e542e8d20c17cb3cbece73ad5694725c292abd3c8ef29	acf7d4f3-1d06-4e26-b849-0246910dd069	description
i-1b65da71ef8bff2dd056f07d41d4fa83201d736665c83fe5bc3ce75c82657365	3473b070-5d2e-4ba1-9799-2e3450634d90	numeric-base
i-284df61f4a0b384f7088c2742c3dfd5c581acde3cef59e15e609b8202f138e8f	e04e6b75-d495-453d-8815-3cca5bfb1b9a	description
i-0aae1114384d68427b6e874225d2ef7c0a3bf30c9e8de7024dc477f2aed1c2a2	bbc0175c-b179-4830-94c8-9bf6d48ba1e5	description
i-61d495980fb4c83756e3374c035eadcf03dc263e65406d90a8d1379c3a880a74	3b9fb56c-cce3-4109-ae6a-af4eb73654f7	description
i-6b7207102f5834de5f82b878bbff638de0ff507d07c79cce13ee0e3f7e74bc72	c2d37f38-3201-4122-b42c-ae7f8db274ed	description
i-4f1b9e165a5773943d8888cd9e6f6cc3bbce10ba32299ca8a674a74f0dc0e387	fc2dd68c-4371-437c-b8d7-25a7a98d31f9	description
i-c4644768d6c8b647a0604a245520d4d8b6a493432442fa216470761efad97d31	b6af3556-9761-47ec-8f1a-2c5ca1bb0a3b	description
i-612c0b0cd65458b6a9295c91d39c091b29858a62a27e6c5e6dfa5d6aee76df5f	bfc4d25a-3c46-456c-8fb0-0c9b5bdc0551	description
i-36414a8004d36c482081313b3c4bb577c9f16c655269e58dbbd07f345aabc305	767b6206-3011-4609-8cfa-73a80ce67bfd	numeric-base
i-06179bdee23307b8553c1202e53f54de25777d7f194a375f58ca2474b52b2e75	251d7533-3945-4918-84ac-771a2fd016d7	description
i-a3645ac065285b42b4aa739a531f207ee017c49075fed75c3ae597f26d9a940c	e44ffa23-d285-4446-b6a2-4e4838907936	numeric-base
i-85c10d4e7ffa8224e02f2e8ae5f9813b57f1581817847868fdfdea22b82123d7	b0d03a67-ab64-40b9-8822-3739a78ccba5	numeric-base
i-b9f20abb606d9eea0fdcb75f1031d598fa09a83895ce177b54a328934cda1f14	1411dd22-5d95-4344-8e62-1904df72674d	description
i-63e51ed74651e90c6b7d68473a0a452819b01e665ab3d1b4175ac825ecd06a38	4c8d0dff-acc5-4d9c-b263-d4ae010c8649	description
i-3d1c74b3a6818c86cce17ed13104226d6206e92d71441d98fc1299bd291727aa	89028af1-dfb7-49d2-b5c6-aa4297b1b295	numeric-base
i-4773bf9bbbfc79f817afdcf2691165f6d2ca6111d8e325eb9a8281199001eb9e	e6e2ccd1-645f-4d06-a16e-5fec8a9a3be2	description
i-18303ff772a85d27202a30116ecb42acf63fa85c93f18831147eca8934e7bb22	102b2415-0b13-488e-862e-7b9e5aa233ea	description
i-0e87f123ba035b4213584c5da9d6c6965f294a8a64e004356800a69e9ce1d9b5	d3f399cc-6bd6-4232-bbb0-caae89e2b762	description
i-eb5db368e8b3961f97ab7eb4933d91adb7e7271c6af8af4c88b28a5b0af87cc8	43fdc2a0-85dd-4571-ac9c-4ab59245d553	description
i-789b5e1e397d06f30fe47f96e300c43243e4b5114ec7b4676d191d4212ce5104	da1b1fcf-fa4f-4e5e-86dc-88e1c173aaf7	description
i-867f7a9c154841f1cd674494768776eab0674dbf85413b1a65a538641adda5a0	eec1a46f-0318-4d5f-9511-0a27bf6fd3d3	description
i-6c02334e83ba28dd30b6edd1e3c22626f8ce28b858eff6e21f412a43f67999ac	a2da461e-9642-49c0-a07d-7820d60f12c1	description
i-f4afc366807942a152d9a99c30d13dab68c0d596d8e1b16ea43afc04224696b7	48e92066-12a7-468a-98c4-9780c1d0c367	description
i-5ca1efca3ec896482febda5816b5a20ab82236be0c116979ccf192712c75b294	7471aa82-2dc1-483b-980a-4114e5371114	description
i-ac04aeffd433ef3726c40abaa9ae406c237b9a5b8f5c7c40a7ca886424c7b7cf	62b03fd8-47ee-49f7-8368-d1b085b93c92	description
i-6d516d2b1969d2f79f31d56e5dcd7c07f29925c8aec1affa75dbb2dabceba8b2	82d1148e-59bd-40e1-a870-0758e4fa42a5	description
i-3b095f660403283f27434d5a8bb2ece886eef2766cdff39e682a316a2b249e66	9385d328-f109-48a2-9d4d-37902ac53e33	description
i-8fd67ca7c53954947afb33674993f03897e22479d32af656e647cc2380092bc9	359e9e77-1380-4c4b-ada3-306f1e7ef784	numeric-base
i-5cc2eeb27ddf928a22f5bc2050701fcb2f1d1f936603e37a77cc5cfa53c259e2	9e993b7c-0006-4807-922f-1e74bb2a62ba	numeric-base
i-99f145eaa7dba1c2559ff682ecc4e666b89c6bce93363a60f28b4ec57dd2651f	6b5d4394-a071-46cc-9b73-e71e002e6137	description
i-87417ce7598de2831404f15cd2c8395ea1ce5e1c6e05162105897457e502dd25	45ad4270-00ee-4824-9da0-43fa086a03cb	description
i-bbbe5a5f756404c1eaf3064191e5ab747597841e6b94decea15a712557edf249	57069517-2d33-44f4-b2a1-2b261911c048	description
i-393d363c1b9b8b94f8fd34de3ffb583f35b8980e1c7099487ccbf35607d2a9ab	ac6a8f25-6de3-481d-b516-0f3cb4c6ebeb	numeric-base
i-8c524b578e34fd62971b26d097c3aef53a1a49d0c07686d47c2a88c9dd441298	302b1c96-c12c-423a-8704-cd11c1f0e1aa	description
i-5ece40380ec7c65359e6a90c8abe2e42e1b8f66f1c71a56db16250e68e284787	2723e46d-a4fc-47d3-9441-51c08bb39e27	description
i-682639efa8a41f8b1ae2dab90268cb99cea0eb7dd79edb47110396ba5aa19d7b	7a296f41-85cf-4199-ab90-c602c2103a1c	numeric-base
i-c73be9ea1a610fdf8367089deeadc7586f574bf2bb2af2589415f2c7f22ac3e4	23c40eeb-0a5d-4d71-bda2-51b8db83b151	description
i-6cbdc4590b492ee193a5327296b9e701a6e238b37420e5549a8160f4a602c5ae	9d7d6ee6-4612-4577-be24-ff3a8597aa0e	description
i-a181d8e09054c329bd6ece4aa638c6db18529e0ebe64778d2e98204b1e2f3fbb	45c8094a-7658-4c73-a871-96f3365f893d	description
i-18fc33e8acfc4e9ad5fe5d84d95730c147dcf683107e89cf1b3c03ad38a46e4e	340af5dc-9aa2-4c99-b266-4ec060d8c148	description
i-e54fde244c6380d5e4211246fe768bf554733187df880e853e40386b8e3bef90	4ff9461f-52ec-4a57-86cd-b0aafe687efb	description
i-7b35ccc301e27013e3e39b69bda231ffda50338594279002614cc5bb0a5882d6	7d9340de-044c-41de-8c26-9c3443e277f4	numeric-base
i-78471cb598a6b80dfe7d9cb11c1470191ce33c4f86b0ef57f92de8bd8c8f82d7	05598d33-4e7f-48aa-bb9f-d25d83f68a1f	description
i-6b0425629ca10fe060a212c050360b62fe78174d860cb4070cc996419910ae7b	1af340cc-49a7-4c85-a8b8-00b5bcb696c4	numeric-base
i-3dd0bb915bca9fd0fda14594c0e4d510263307e7042fea9e5ac56b2380910e36	61813bfd-8287-4bc4-a911-0f1a667b9dca	description
i-a77fa2c68130d619a8cd1a06a3fcc661f80955f9543a6371fff5505ccb3bd606	0c23332d-6843-49a3-a7cb-3a430b0e7419	description
i-c18dc99cdc2d5d4a7e10cca281fb6608fba28d8f20464b8e90d8df94d0a9a0aa	c01038dc-4922-4c8f-a358-e930bb73f706	description
i-33217cd0560691f901169ab44b274a5bbdf3f6e0031f9d91720d9127d32f2478	516c75c0-dd47-449e-bf8d-81f00073d955	description
i-820b99b6f97addf6cdc8232519cfc1dc4665a9921e0df6454195501e16671430	99c5c7be-2c16-43f8-b05f-8c61760c1045	description
i-556e8ebf6a56ce0f83b3218fc84edc5262994ad33fc722959f06ba8db23802fa	869d1d40-6933-4465-8fe8-e9455a7d2a7b	description
i-d074cabe4cfdbc70e79bfefade835fa3e9a539a18a01a164a12d3aa739b1e9a5	c01038dc-4922-4c8f-a358-e930bb73f706	description
i-cae142549981a42cdc2ed13aa2b364536d784560700ec40c13303ddd07bbed01	c1babc79-d530-458a-8f0a-2c4fcaec9787	description
i-d595a6ab887d60bbaf621595a932fc1b6b812fdfa08fa471f5ad6b138409fd90	038e56bf-7fcd-443d-b519-1ab27ef5dda2	numeric-base
i-21eb8f90fab4025549ef7c53af7c94e4d6cb84ed35cf1a9f0e13e2a69b3e270b	831fb781-067a-44bf-987e-7652e7e750b3	description
i-709d0230c73fb0143e9bb0029144f807ce25f74c9b06d6c4fc26b3e89c66347a	61a2eb56-9f3f-4439-9498-66d6b8b59faf	description
i-447a9507b3050a973dd927847e889529debe199959207d09b8b74bdf8c43e5e4	61550535-2c41-4b10-95e9-b8c70aa07513	description
i-4bbbbbd6eabfb43cd79d16aa7ab0686fd54011adbd622b0be3d02e40c6524127	fc58da8d-e64e-4926-b35f-c22655836bfc	description
i-35aa886a7ef435ee3ac235227179a231e990e12ca6e8942ead5ddc43fd0ff9d6	c01038dc-4922-4c8f-a358-e930bb73f706	description
i-853386f31a006777fb9369e6bad593f6de2a4c82d7b4a3f686df5585f114e59f	dc69911c-35d3-4804-a9d4-451ad21b49e7	numeric-base
i-759511981aeacc8c14cb4a761b873e397c026081716f112c8c6819429cb7b6d8	1d4d1fc6-737c-4652-96a4-86d827e356a6	description
i-72abe3d1c6fe50c61332aea3c9c3a94beede55d661db37cfbe1b243421c2ff2a	03892d37-d10d-4e2d-89d3-08d328c8a053	description
i-1920462541b8f37080ac6fb69b4f96414efd04809d5d90fc550123121e4ea4c7	ad919b04-5d1f-432e-a749-00388119024f	description
i-9141f26217f007eb298792065976a142843c5681b320efe8b59b917b928f57fa	6d13d7b8-9831-4d64-8266-3490c0c17888	description
i-19c4c9a65a3b4534d29f53f59d9a2e30492873c18c847e979ed0fd192e61dd5b	71811498-de12-45ac-bacc-36ee7480fd8f	description
i-d74cfbc7bd0a8886a1e5550d200d1fc0d5c3ceae2c01faf11093baa7b8eb8556	a2313734-f047-4745-89e9-e6e70a5f7503	numeric-base
i-38e512c2441b230e6b3d2a87359cbfd0545007e4278e3254b185aae40318fc41	c01038dc-4922-4c8f-a358-e930bb73f706	description
i-6e7ffb47ca49e3ff10baab5d9c1647b223f4a432f604cd3e5bcbfbf5cf6d0b03	bcaec306-fc28-47af-8dae-29346e7ccf19	numeric-base
i-c769401b5ca304e1bc34e03f90bf30465ed5049b751c01ed5a909f66a4cdda9f	5edfe0f7-d2a4-4b9a-ad4b-45eec9f60323	numeric-base
i-cf571fabf80e6956a5514441a61e4d852e6d4ba2fcafda6b72cf66225cf2e8fd	9a01bb09-e6a9-4dae-a9bc-4e0977678d39	description
i-0a4802b9e46bd479924b7a9a5beaf1e5788705a6d188d5130333bc9c3d99b84c	3f316a1f-6486-49ec-b02c-9f529dd45c55	description
i-ae3634826afc8b8606028ebd79cb717f5d4497a2f405cc09529e7b9caeac4c1a	da6acef1-3f91-4d36-966d-1b978caa6c27	description
i-67a2bd40efd88c6a38966308c6ea944f9db6e7aa07f2d826190f58e9628fd84f	33dcd835-d8fd-40ce-a860-128b1f515bf6	numeric-base
i-319dfc0264138e62a640c24e5e5dfe44094017c6f3e0388680e7aa87665793df	1ede8490-5ec6-41be-a217-7675228dc831	description
i-2b35e39358f104a9cd8caee0972a2d308fd43f0d84292550366f28f8e0a05844	5cfce3a9-9332-4566-aead-6b7bb05da62e	numeric-base
i-577e5bae404dc75f5d2f3628157ba8d28f63911007cad6ac79a326e0ca66e67e	80b0f096-8303-4b39-8454-1e833e92b10f	numeric-base
i-e4c0a59c3575c90208f4f41c31cd6e8b5196ff3904c5e740f0ad4958a723b29d	56855c20-1dce-43fd-87a9-ea71bfa6c9df	description
i-5a503be8c54dfbb0502a4aa797b420b49eb0e3b8adb45c0724d96a0175461599	5edfe0f7-d2a4-4b9a-ad4b-45eec9f60323	description
i-619ebb3feea0f34b27c7486ae2b40bde0959bf4df30aa76b3b9d45772f720a25	ea0fe76b-d1af-43b0-bac2-11aa9b7f764e	description
i-a84879038614bb57bb79afdd83a0db6f142891bcb5811ce132223a13429301b3	c01038dc-4922-4c8f-a358-e930bb73f706	description
i-6b4d651d44e95ef26210e89c6ac2fc758750ac9f87c108a6a2cced7c08fa11d5	3cf1bd02-61b2-4274-a331-848381110bb2	description
i-2b5c79a1e916447bbcf9793f2be3c4c7fb00dd2f3cf712c23af61fbfc71f1f8c	35c3b7da-e57b-4254-9186-9e34523d5427	description
i-c90a8ee78e54eb0714a084f3eac62ead00f6ecceb56146f8d547d101764b3722	b036f6f5-ec54-48d5-8ee0-f9e2f3a722cf	description
i-d6272fc8db7eca7eb70f87a831ab4df2a3189a9f5e43321ee9d301f26ea9c087	ccde0f5d-54e1-404a-b000-e1cb00373734	description
i-9a64d98fdbf0b7f377858d1509cdc1555f7902a30b54efaa14325a72524e6e6b	19cbb192-01ac-438b-bf1a-4b81260858a3	description
i-54eb36e8267dc32409e3ae1281541056e93d570d5042e24b7ec6627976857965	f14577ac-2a9e-4fe8-9953-64f38737bbad	description
i-2be7af7936d07f94039654705bc304b81e784f84bffade6ef21495e3745fc0a3	a6237aa4-b636-4e1d-aa5f-6845917c81e6	description
i-b55836c849dc2f3aca15e5b68aa82ee1010b4161934ad1906880cf9d13a2177b	7ce34874-b7d1-414b-a725-a8cf27195e1a	description
i-bd33ee253789fea9fdaf3c4fff4c0773763dc4e4585c7b910b9721b432a29266	c01038dc-4922-4c8f-a358-e930bb73f706	description
i-534c27888df60c44f053cd152ceb6962915e2d42ca234375787c6436ac297733	658e9173-4d89-4af1-8488-0e5f70102eaf	description
i-c987781800c0695021f9388f0fc25552a58f1389714694ce5414ebc0c4af4fe1	b73e951c-6024-42f2-9e3f-f3f5a75f557b	description
i-7f1628095a833cdf55a37228a73446014e5521f984f7f684793f4ad69a23ee5d	bb9273d4-3d81-4a42-b4e4-00e64c2cb225	description
i-a4fc110812c69aeb1405c4142d2cb35fd6169259b5ac9748c73f99e7e40bec0b	8639dc77-a529-443a-a668-f2b30e691971	numeric-base
i-f5b46987ef9d66646d03b0fe2c24b110bc8f9dfb4b287ec4c5818186014d66e8	f36b9b5c-338c-4968-b5bd-7020331eee3a	description
i-434014545cccc508a1582f1a66905326ac5dc2ad8aed1016882842555eaeaaf4	2681cbc2-70a9-4568-961b-180b976cf0f0	description
i-6e96892de818b9688963f32345089e8fca182e0f17cae69678947146410e9511	dd46229d-5fe1-459e-88b2-d46fc714589e	numeric-base
i-18fb087fd01e07b4e4436d7f4a8c827b4e237793d0cb83a3fe6624272c6e3839	d26d067a-e0fe-45e6-a26c-001cd7633eb9	description
i-c04820aa3fdca945c6b45b1abdd179b9892efd11c329b140f8bf010594508549	41a48f71-a5b1-4986-ad3d-7915afdc041e	description
i-579b384711236d34b74d478ceb04e09051626a38b82a70f8fa26aaa222b17cce	a1a5fdee-140e-4ce7-a615-a3b8556973f6	description
i-1dc79881d59fa639a0ec7bda5cdbb4f31cd501588e7b884e3139ab5b1f19a2ae	d618a17c-f456-450d-8b06-73e618c7de4f	description
i-2af77fa8d8a44a4778a6ba4a5afdc07287ef289520e2c7bcd03a6eccb562338d	a30f1c56-7cbe-4f3a-8934-156f6e8923d8	description
i-97363266a84756430800c5e88138a2afae5319dec8f255e7de9058e34378e1c7	e0dd94d4-8abe-49bc-8728-59fbf345f7e8	description
i-cb9f3be0f8e7e4bf75952e6382020b77d03cf04feb6f25bf3a122092fcc6feb8	06255932-b328-480c-935c-1a90b8e91317	description
i-5b49261f5add1aee396e35bac2ef88ff71a517d759c71f248b89c75309afebed	2dc92bcd-ef7a-411d-88bd-e63fb2cf7509	description
i-eb049a8a3497cc3fda58f5361c1dde5d4844c00b1972b9273bec640977433fa4	4983acf9-c4d9-4ba6-8535-887a3568a7c5	description
i-ce6fdee243aacf4f9e40fb3aa813876cf510ab56924edd34f464dee924420e50	4dde8135-a550-46db-99f3-245d8d5ec5cd	description
i-a2ef122ed0c5823520a5936c4b40609dec00f2a84f51a7d14f09cab271c109ca	9c9c1417-a961-4bed-a1f7-6e775367744e	description
i-add0f03fc127a58689689ee19d67661eabd639f23d83b9dabee08e1cbcf73ad0	cd5fce3e-628c-4d62-80ef-9b5834f51bf9	description
i-09f1b86bafea60f72a29eaa5ecba3a774f32812ef796918368152e219d4aca5a	a46555ee-985b-478f-8613-e51e96427ece	description
i-69f0e1511cdcff5276b406fd544b400d8c492954430ba788fd189530ae3412af	515d2a05-5d53-4124-8a6c-5fc664cd9e10	description
i-7b72f5bb7890cf69f199df8a39049a1e23a3507b9926952cbc8533a70be5e18e	c01038dc-4922-4c8f-a358-e930bb73f706	description
i-e4cd57a8d03673374175114c7b4b4a545733e387517afcf6e119011a0bbe2374	e02a7f91-32fc-4a85-b5aa-7f30a779df42	description
i-a3ed28dcb0cfcc7819e728ff71b630e3752bb22742864f87a5ede53392cb5e09	d12db88e-e928-4278-ac33-6b94808f48e1	description
i-1f6aed3dc38daae17ecd3ffd124557612a29418f1df961eaaf428e5b0bb5c033	b0d03a67-ab64-40b9-8822-3739a78ccba5	numeric-base
i-08a17a1df686b3bb7371d5c1d37cd83924b11e35aa7ca82a70a01129512bd998	c01038dc-4922-4c8f-a358-e930bb73f706	description
i-5fa55f86a218518c249dd5553b9f5753414615159841c8006777b16d343b7cad	4ddd9a2a-6858-4998-8eb4-c45b81aa1e23	description
i-5ba5057466843ca4f8198f96515b00746dc728ecf625759281236c2df8f20867	e22ab0a8-08d1-4487-a244-ded60c3a5093	description
i-cd61a0b6ca21f221c19ede16468a0e3cfd141b58bb9892ea5c3df87331521a8f	0054507d-8dc0-48cf-8c67-91a46cdf0d25	description
i-573c9fdeaba1678544089324da951448e902d59879093efe7a4fe181c2a5de81	af1f8fa3-0e0a-45e0-abe7-44afa6958dc7	description
i-1fe869d4cddc3719c0b73fad875c67e31610ddff8aed5711fccb56b28ac09050	e46fad64-b6ce-49b0-ac71-245c272a1f05	description
i-5a134a506ea860e79668ef367cef414561f7c49680a62c4863a15f17f8ca8f31	26f909df-73a3-4f79-93fe-d8520a7e1798	description
i-4151c3deca31a1434fbf354bc2044b7da9eb50ad6e389315622f8cff1f166353	7c3ebb18-0b01-4dcf-8c05-01f547796289	description
i-27406e6f4398120e1c4e202337650d5aeca734b728d09234f6946c311d4745a8	22b2a48d-d8a9-4418-b506-db6214bdb2ba	description
i-143025eb5844170c82eab17c71947faaa59512a9461bfdb5f479566d150a8794	5aac9053-8a79-4648-a792-740964dee478	numeric-base
i-eb81cff3c6b15b31f82a473835d80c81019add0b126d62ae6103004485e0895f	7eecd804-e9a7-4ea0-a8ab-c5ceaf4d080d	description
i-3772f516df22627ec12ebe7fc4c9d6eff039ce7e33a9414a801579008ef8ef38	35aed9de-357c-4378-b860-29e8364f0f55	description
i-642a32737dbc3e86d413a450658439d2a66dab82d8b4359d0b99f46eacdb9c61	0eb4eb66-f8e6-462a-9daf-11e472c89c4b	description
i-2c4407078db27c85d18cd70649a8043475da8fab3bc07e007be3c22343de398c	bd0a0aa9-2dae-4cd0-8216-976d6c53b05d	numeric-base
i-f8d0bbd328d7bf09f6d206b575975014232c81e1835d106d4d54c05d031fadbf	f4554eb3-713a-46eb-826d-41e2beff11d1	description
i-16b9eafa915fcab1b0c0bc81fc1fc24777f0273f3c38adc78ff64f518028674f	2507f248-4b21-4bf7-8a76-8953259fab8d	description
i-c54f3f19c1562b0f595bd8100db081482a2145cd83e5e7f8458c208271fa4faa	c0603272-5995-4f32-8814-4ecd8627244d	description
i-56c07041c7305773dfc079add745e8b3da5a3be0f57bda2307cdf6093df82d48	8c3a2161-605b-4aff-84da-bf9ffaa73dc6	description
i-33e56bb5d790761abf578d34d0db1ce744a0c7fba324f3240ca52bda4a32e2b9	28aa3842-5355-4817-a8e7-6ef37143ceff	description
i-92a057ca50778e9398ed4892cceb6a8e24c429df225739453244902707d72651	b3c9160a-de31-433d-9814-86597839c08a	description
i-68a14244793148cd8b258769dc55992fa76df1848a9dc1cd9b860c6a419f068a	d5c2a6af-b06f-4d84-afbc-f23fbe58366b	description
i-1d410f431a66fc65200f317725cb4c92609c13afed4a27a5390e5fb0eaced8a9	95d383be-7663-4392-af3f-28cae5f5977a	description
i-bf2a6ca9ad1d506393fccc94d2dd364000f1ad046d6bde85cf7252c695b98820	9f99bf29-904e-4e64-beb4-dcd14150705f	description
i-711fc9a999c353dff58447b17a5484e6cdfd842ff52b711dedc53a804fb53646	942d0704-d01e-4681-aa13-483920aab591	description
i-724e35990270eca8d102f093fe2f17d81d9fefc4b64e718316fd200772e0f0ff	96435667-a909-4c50-b388-bd00affa6f61	description
i-37d6e0a40f72678902c29f606a2fc92cdf120d620630fba8a0298afaff9aa4a7	b2ea95ef-7cab-4bb6-826f-954c2a376a28	description
i-8bdc64a52890fc25c0d48ae4da17e05124d925e79b3dabe275506a6f552ba3a4	560f0547-c086-4e73-a4d8-d7d73e42b85a	description
i-26223e8ce6ffe91e3b5486605f57121db6637e813f379252b57f804b25ec7a57	d58b8a35-b8f0-4ee1-a2e7-7e1e3814355b	description
i-e348da6b31708d4aba859015e554cd9a6f56f206f1bb1041d616d8a93a6a7176	fff1be98-b58f-44c8-aac8-959597893df3	description
i-676179820a0dc5e5052173cad33ed0f07124b9ea455d5ff0fe58e019737885c9	691bba6d-d836-4fe7-8663-8c19f0e509bc	description
i-cd1255f5aa0b98c27ad23269f7643cde136136dec3ebe237c2e2bd652c59eaf6	45740ce0-7f20-4753-84b6-05a966f62bd6	numeric-base
i-cdfcd2f2060519a208fd75c1c1f2128c24587a3927bf01b6d126dbc71fcbaf94	3f0e7b6f-0a6d-4a09-8b34-c5d8849c096e	description
i-15dd3defdb5ecfedac56919bd0a175c83976dc6a8d9d5b845811500c6ef1639a	326d0d74-1970-477a-bf2c-7e8660de94e0	description
i-5e05e4fa81375f863b27ae7b03c08ed7032139499fe5fd49cc3b8d0bec0db5bd	88282dd0-f8c7-471f-ac98-bc862efeadea	description
i-d510cca0cfa54e0440deef50f13f67cc96e7cd973a9cb54e328ea59976dba68b	36fef03c-be80-4928-8836-fe04e8ceb3f0	description
i-4e58d218484424cd22957c771f2e3956d8d00a62ddcdb6eef460ecf5aeea4b4d	6d8f6e0f-2634-413f-9fe3-27b9b95fa414	description
i-f2097f96cb4ad2ca254f8c4af3633583b2ac097bdbf5a05926345a394d098068	73d92e91-357a-4af0-8ad2-ef90a542d932	description
i-ef051616ee56eefc2fa9d64bc8671570fb82afb356edce8c327407fe5dbac376	fe24b89b-f45b-4b15-82fc-5b35f7a0532c	description
i-c2e6cca86602aa7daa47964cc9e9604218be37cf15c127f3c7af4fc2791746d8	edb4fc9c-75bd-43a2-a9a9-43efb958a69c	description
i-50f75da37d62c5f90bbfccd0247b61760441777616c93556fbb8a051c3a4b1f2	d47f9d5b-30dd-438d-ba2b-f755b452059f	description
i-f850e6064cde5c49d1147f653a5f9960cd4b479a15d4c0016e87bac405f591ec	a41729bf-b358-46df-8085-45cb1237f574	description
i-2362bc3f1a669df4995a8a6a3a67b3c372b88a15ceeb05d2ca951ff5f232fca6	f13357b6-31fd-41ea-a867-19d152de6c72	description
i-2555e86fb9869b88e708ea38d3cd60a3eaee850db8e1e7d8c3cbb0c2c8a9ea6d	c01038dc-4922-4c8f-a358-e930bb73f706	description
i-76fce344c73b3c925db477747076b66ff9fda353fb8b4a7d25d2dc44ac908617	d210a5fd-9900-47b4-8e0d-38e63aa41459	description
i-9f76ded69f554ad43bf41a2e890acf4af05143a3002760a80ad5d3dc235c621a	f0567de4-e9b4-4853-bbea-bc458a79ccdc	description
i-542af5fec4642df9af7caea55e7a4948cd384ca5006859707c87f2d30d74b6d7	caaf13b5-50f9-4650-aac2-a95a01231d7c	description
i-d0dcff30fe2af27c3243d492977bb2b2588815fec534152b7bb67bdefe0577b8	298c6a2c-5851-4996-b78e-fb9862e5f256	description
i-dfe2b75645e17b49c075a712736f633653e623178b7ddfc07beab2cddb3f76bf	4694c2b0-523b-434a-a926-17d4f64ac825	description
i-e17ce2caa6bc37eccb20c8383a81be0a509b49fff1cd323275bca46e70e12b66	5bfdb1a7-2fcd-40a9-a669-8284a7fff25b	numeric-base
i-b37594fceab412181d09ec10771d883d787baee5250b6a7078f94e624ddf34a7	c01038dc-4922-4c8f-a358-e930bb73f706	description
i-e37bf7e9ec22afb9772813bde0292cb00de8519791898bc6c898cc960b8cb6e3	c01038dc-4922-4c8f-a358-e930bb73f706	description
i-f6f661b2a12b361b408c03c8a3f3b0ba72cc7b7c947f50f4d9135354c399da1f	9945a3d6-4eac-44f6-a4f1-b81ee3fa6a52	description
i-ad5caf4ceec1fee607d0eff9e143c3f2d3083d498a4af330103ce5251b80b231	2ebe5402-30e3-4aaf-97d3-0196deed59ec	description
i-284e1722f5db2828c72e184395d0e3c45dad96e5f66f957eef371a53a11ab4e6	a8bfbdb5-6fb1-4d9d-b08d-11d02b6a0156	description
i-11379d24c490b43b80b6c9d31c15011b631473aaceafedf90b0acef6463fdaef	4181b89a-a223-41ee-941d-5a7a7364bb1e	description
i-c062055644d2f542d20005e83d200c2822f72629d8287a82b58fa8e106500b41	9adfb74e-46ba-400d-b661-aeb4c1a5f547	description
i-2e40fba8d7afcdbd19f815dd267642353efbe2fe1ebd36e6439758b3bb3c543f	29804942-a716-49da-92eb-5a422638a588	description
i-ed2a40b0833934ee3728a243110b1ce54732f6bc8df3673bac9f48f331b152bc	bb027adb-ccdc-4d2a-be7f-c3f8d95725cb	description
i-8039927f6f904002fb8fc4db699a99c8d9eb1544d627518f6e3d433f82b89e0a	6c85fe46-c9a0-47ff-83de-c1dcf247b244	description
i-c62b8dde6e8797d87f7bd764979f946273a5c84d4e6890bd51b1ca826303ee0e	bf22ba00-7bdd-440d-b1b1-056bd837b62f	description
i-ab60bed8416ef08b303bf7a8be73883c31849c9b870b379ed76ae26bfd72a82a	37d73c64-a6d7-4df6-970d-437658c40d61	description
i-af10f206fd0dc2702ecbd5757556302e557dc88434e1dd661ae6c135a3c6cee7	9296af83-2a44-4062-878b-5fa6e281a7e2	description
i-c9b9b5bafa4dc92d25adc344d3ca0ff014a9a3548742b6ba89b46239a94ec41d	35c4ba3c-abed-4fa0-a948-ce7bdfe18168	description
i-ae5f508830c7c10d41666d6941bebcd99c9a0763a53a25fce2cdeb59938327bb	973abc07-7afb-4749-834d-ce32523c174a	numeric-base
i-8ac0891e5f8c341a73d24ab9435396a4ad4bad194a691a0c3fb438ab92a5981b	c01038dc-4922-4c8f-a358-e930bb73f706	description
i-301bc81aeb00504d86a5537fcc939b20bf1f7dbd2d2c0dcf54d6a0e741a64710	2f50b8fb-8dd1-49cb-9574-75832e384e5d	description
i-f13a3fbcef48f22f4147682223fa1105a9750a5ea5810af2c9b4d254d568f76f	419581fc-9069-4aed-883b-e0683ee22ab1	description
i-61567cfacf845beb8ea3dc12cc7101ac7615042392530a0a8b4ba8111842513d	4c213bc0-6087-4b23-94ba-ab75e4797a86	description
i-7f367a3fe868ab300e29b1352fd42204b8cb5afeff9083501a2027a68d12f640	e8ca47ea-8313-4c3b-b795-fb8d01421197	description
i-27d9bac53c39d9182dfb1646fa513d38d002299794fa9bea3a58b1222d65d475	f994b327-7279-4139-83e2-ea051ad878d1	description
i-4a62a1d31e047e3a63846bba7ae4b0e34ba98e10353e5fc69136f54789574dea	f53e7cc6-c515-4023-860e-8390344c4b4b	description
i-de06a95dbfd23ff7dbb13c5b10dfe5dc86e6ee2af94368f8858cfb68c6153d09	071b7700-badd-430b-8f60-43212c87b0ad	description
i-bceb33e8e2e8a977f92785292c59f53df5f91b86f27602f8fb2f35a02311a501	694d2564-eb50-4b67-9c5c-c8362e9cfd86	description
i-640b235759c1989bbc53dc54567bae531611a18c00f29ced6a76ce5c0767052b	bbf41a6a-d7e7-4d83-be63-fb0f88d04040	description
i-3039b6789a0d530cfa83351c8e2a484c6361bbdc88595d04f5df3cbe086c569f	dc1d1c4c-e254-4cd7-911a-9ff6ef35dd9f	description
i-6f5373c211098b34cd051782831263e693cc41b97a46e6ddccf6f31bcfa39403	e7d5e78a-bcd4-46c0-a98a-b4d756d83e49	description
i-16fcf8e7ed3ea2fb189f0fe62de91e56950061658a1b31060d2acfd8d00180f1	b7d67a31-73c6-498a-8a9b-51e5b34b414d	description
i-5f2e3c5fad338139e0b77c7686bd1ecd71c91bde543417bc1489ff9d73f283dc	183ddf02-8121-44ea-8a26-186b0bd50c1b	description
i-4a84a7ba7c5575e51e26d4f9880b4667ef7dc5e6266ddbc26bb0067119c29337	fd8d98a8-ddf5-4070-a584-53aacacca0cb	description
i-33604883b5efb9f1d13ee4c886de497899f17df1411b7c76b8ea10e807663590	50583dc5-879f-4271-a47e-2d69eddff5d9	description
i-ba800cddb5da2c7337457075f539a09b8814fd3f71ff033864cb455b425ccbc6	c01038dc-4922-4c8f-a358-e930bb73f706	description
i-9056ac664c7b871f55dafa3c1e9ebe5dfff37f394138fd7fbe3d075adb62670a	f0f3b49e-7989-4f86-8c10-30ba9f0e911b	description
i-625ada67d03519e1b1367abebf5b8ebbbc6ab6565436729675e4b5e245f18f63	554d4734-6070-4ac1-b984-5d559e6c4c09	description
i-768bba94f35a6ac9fb93baa28689bf216af2ffda79069be3830f7a57c6e29b32	b2a333e5-956e-42f4-a2c3-7821c2aa72ec	description
i-aed3ac7f62b3caca223252f47ea08ee2b44f3295b429c7279babf17fbc04792e	5b573418-74c1-4f66-95be-9880bd0bba43	description
i-97b4eeca5fa6bbbb149762b90fe56bf1c003beaf1b672f11a2201a83a3589a47	42d0fc0d-90da-4c29-9e0f-705367ef1ebe	description
i-aefebb2e43bab5e67a212d20c90f06135bb698e5c6c333f0abc9f742fcfcd874	9daeb5bc-6aea-4f37-8b60-1e76827a3fe2	description
i-e8d9d50f11367ad510aa9ba2a3f0f33066cf50ef1cb3bef0af188f42f90d8d81	30d2763f-8248-4769-a02e-e9205a7c1a97	description
i-4bcf0498d694e3f7cc19f9acd0ba0d271d9ba5042f6b2494daa557b7f990ae4c	c647a451-55f2-4ae2-99f3-f47f69cdca6b	description
i-bedf06420201173926288acfcc808e10a89bcd1c652abcd08ddfc0dd1e83b8ff	642941ed-1ab0-4ed4-87af-47aba9233fa8	description
i-e9561abbf0c1bd8fe9fd4920239990986e48c3513b8232c9b3711489a3298941	3c8c36d2-fbcb-4c23-9f33-65a049149a42	description
i-0d752ec1d690b5683590cb0352a4ffbec0e9e0a1414602c326ea491c4e550e5e	dd46229d-5fe1-459e-88b2-d46fc714589e	numeric-base
i-c235de0c5f3872ce2fc79532c7e9222d3004774f745e9df4c6296df3264850d3	18240b7d-10fe-4f18-aae6-bb31812f4d35	description
i-8ae8cf97d234553f645fe62e87b51512c494c1f32fef1b307d13ed86620ea202	449cbac3-b928-4822-9f50-1e6d989ca992	description
i-ea75f80304aa5fc95fa1dc51a4dbad3c35c325060e42452e9f74ad17c3192c3f	bc91bb90-a7fb-41e4-b30b-5ec0bce9d95c	description
i-b40fd68c5d7f393817df945e07d93472a0c9ce2c1d301be4789504e9d6e436a7	a217cbea-cd3b-4941-9521-8f49d8d449f7	numeric-base
i-40a7d5a6e8fb0069d84d60243f67324b3ed33d7a7f2be3e9f08a468c15c7723e	2883f7c9-5018-4a69-8d6c-ea9da4a99142	description
i-3d9bb44da918e4839f12f4601245e2c3395b5d8e92fea525831bdf68eadd07d5	8971d866-52d8-4b66-af92-7f1ed024e34f	description
i-d3f86882b4651cfc9da6e25b4cdce7b5bd35ef90afb881cc504ce6c79b8f8b0b	d8979789-e8a3-45a2-91c9-972454b7ad92	description
i-6539e5175e6ac599412812b01363a5c86dccec0605ee96d5f999e55a53dcf0f6	e7e99936-f124-4e35-ab2e-de588f81bffa	numeric-base
i-f6d9fd73021c0d29f398e22d45cd7eaf9e92230c19a21e2b4c0a03f46ba6ffe4	e8c29735-8406-48f6-93cb-04ddc225a21d	description
i-50c82b22735142ded81b4cbfb63a45640cb63016202fe9b6c1182a6769df5db5	2ea78d33-f29c-4f19-a8b8-826899602338	description
i-a6fcdd8c7b5b9e0602fc84c80f9b93e48eb5ec071e08831b0e5a41452bb8d673	c6ef7c2c-dd4a-43e7-87ee-0b40a2b49702	description
i-e73c02f58e7c77664a5ad0607f5cadfad174c5b7e1970e677339d6c20a4f006f	805ac6cb-4811-4226-b18a-580975fddc3f	description
i-bbb5313f7cbed0153c657434b68a18e1de5d512dff21ea8d87a187cd26e837a5	22eee29f-48e4-4614-ad4b-ba8b6b7ba2ec	description
i-8d405efcca733a9298a9d3a7deec99394121771b141c7d00aefcec953c8e994c	8e19b0e9-9b0d-4ed4-af1a-374700798a7f	description
i-c0e3e017837dbb065e2902cadb64f754e636003146af9db82aa74b3ab84c011d	d75decaf-4e25-4719-a991-d582067d8cc3	numeric-base
i-c2ba6ca7348c8d6bb1f81b747c2545e527c1c1573e2e675a483a4853e460f320	d75decaf-4e25-4719-a991-d582067d8cc3	description
i-341ef69eb2d47494bfdfd1e0f94ed0e273e867fa940b4c49f4265c28dc7c48a0	acdca0d6-9dcd-451b-b85f-e08a45585d59	description
i-adfbecfe50374a0cbc6f8bd93d8d620e9dc6a0b4f447706d01c53a88828f3361	4e8422aa-7a28-42fc-a5e2-874ca368eb02	description
i-90bd18a4229e9afd872cc3dbbc095c78eb72a01bf798f2b53ddc92698c98c638	37969a53-8679-41c4-8c46-faa66afea473	description
i-f00505845afefbc2a7d98b2870ae631409a034e8b8518c1acddbaa5be82e26f0	f22a35e6-1f9c-48b2-afa1-246e100f6835	description
i-a396009ef02a4f0d26b981b6c02afe52210bb6ecd9ecedc63b23033fa33472ae	e2cec263-4755-4cae-9839-3c661e89309f	description
i-a3308f15d163ad0bb285da671f28a278e64051e68ffdd9c6e394e214afb86b07	3f553c42-5dee-4a1d-b2b9-fd4881768fdd	description
i-3330b3e6310483f616ca5f0c80139974742534a8d082b2efff699747c2eb6754	a15e11c0-33b1-48e4-ba0c-1086c5927960	description
i-87ed437fc48c8fe6150cd01c1f90e53f53e2496d0342097342940c67b060115f	00f3843a-faf5-45ab-ab7d-9cf1c7f0db90	description
i-0120376d3ace8024bccb249eca6622f431faf6abdca600adc4f3e4d53dfee19c	2eb0989d-91ff-43ee-9962-c277bbe60734	description
i-9bc09b399c497173c238a4ce7ace0dfa831e86a4f321c778428942efc40186f3	9ecc8e89-c35d-40d3-ae18-f8c80ab5eb8c	description
i-00ad6df700c97c3af49fa917fdd72fdeffe8327a9295cb5b8c9b04ad5c689555	4ca8ca71-36d2-4a90-963b-2d6aa2eb06be	description
i-d565d5d133b24ee0a66e85e50f71ec7504587df770991df6e8badb8d15e759c2	51059d31-94ce-418d-8727-3b16a684b1eb	description
i-1e4b12fbb4314694494dfe449daa19de7e088ee56b49905c78d475a31046a08b	567c9a28-c9d0-4a1a-b70f-510d023910cf	description
i-f9e7120a2cd6fb82bb6cba8e5391319f4e30353345609756210ecec8ea080409	aa498371-c463-4334-aee0-858c00567026	description
i-3a4960d63797e004531f2ad24ea23bc39149113eec8ccef34c297d9907beb3a6	29040e52-de8c-4a5c-8bff-e7932425e3f4	description
i-43b8618ca5ae6b293e54b3620e64a064003fb2d4e77424009798426d33fa09db	2f72f545-f875-4ab3-a9fe-a96382c71b22	description
i-8ffc03d83edeb3f9e182e520b0037ea8eafc89003f4632660a17d06f39bba171	2b8c6019-ab31-4518-99fb-0a981992b6e4	description
i-63048e8a16012a52dc319aff6e846e12039464261d4c47d8f2ecf3eede572d03	a9a064ca-4837-48a4-ac0c-d85a6efb35a0	description
i-dd231878aa85a61df0478934ca47fedb6cb3d4b2f3d5bc14668039c13777d512	c67a8b58-5fe2-4041-9f51-619f66372671	description
i-e5d28521cd985e51d81430f3c32ec6492deb1101371d3b799ea86cf8e3fa827d	756e8a53-5910-4eab-95b2-c5f6723dfbd7	description
i-4cae90fc1bb95d894b57ea048e7d06671e299604912edd9b0bb9089fa59a0b53	31b89882-e13d-4d6a-a632-a17a4ce46306	description
i-6f76a702192f6125bc98d2f3f2ff6305e49a539f234b662c2b0cc16abba23dd7	80bca6ab-fee2-420c-bc01-e93be5c7c8b9	description
i-950506de527d65d05c9bf93dbc64d207116259a88ae7f7117679725e3c605bd2	deec61cd-443f-469a-b8d4-6f5d753dae5c	description
i-ea5c66dddbb97db2b89ed812d716b98a8efdb5ad7dcb91f8b8d29c95b40e7059	3f287177-564c-4186-9975-abaa0b1dd0e0	description
i-efc9ca6454628f3e3c9e79532ae9e3af2a7df0036f0d8ce62bde75ce30211db5	35e036d5-be56-4f3b-a62e-b116146affb0	description
i-a93356f655129f7ea9d959ef3f6dd27bfd18196f3e6eb146a605e6e77fb1d4d0	9f086ece-4cda-46e9-bb19-5abf86085446	numeric-base
i-4f24a1a9b4c164f52fa2105403e2f76e3ecf3bd6011f1e370b3b1871e3bd3ee3	3fbe54a0-78c5-49c3-a2c3-5b596450fb95	description
i-1cdb4cdcb7fff37d4a29fe542c0f409472aff1bdd720541249c1ab1ea2a43827	26c27947-a114-4045-9d50-25c9db8028a0	description
i-f957cd58416fad383ab4a4e38be1f657f0ba012cc1ac7c8157214985d727ff58	fcf59f3c-0b03-484f-b453-b4ec1f6d0751	numeric-base
i-e306663b3d1f045d64dcbe458e4212927711a56d4efc83a102655f8375354783	7acf8fb8-176f-491c-a363-04085fb2160c	description
i-9a409d40f1a81149b24eadcf8f121cc2d73d1701dd1733a137c8524962d14514	0a327d99-886b-42c0-bbba-d5c571c8e069	description
i-2b11659eed11eebfca87e190676ba13a38ab0fb91db1c0f38e4c0509c0400ba5	06af439e-78e1-409a-a475-e807c1c13853	description
i-ec6c5ac565570d00387409315f82cf55cbb61b049a01eca4313f4ea2032a64a8	4ab5762d-65b9-4ae6-80f4-4ff5dad8cd94	numeric-base
i-bd42a8f8b983084b4b1ecc5a79de84651d5734e0ef9c64e0b12cf8fcdbc329f8	c77b4830-db22-4e12-885c-b19528af6406	numeric-base
i-b470e8849b321dc2d9893c8747ba854ec11cf62de258e752bcf0257ea1579ecb	8c5312aa-10b8-4a2e-8db1-ab3c0fcc8423	numeric-base
i-4ca75e04c3f42a328b8328a54ec291b1fef48f517c9fc50aed569e136d324ce4	b5fdb609-aa29-444a-b57f-59ec9acbdc46	numeric-base
i-aad53a34847646741745aa4b4f2a6d4883d8e8d087cf3535423914640a6ae026	e9a95352-1cf1-45e6-bfc5-8aa8d7ae6611	numeric-base
i-37de04523edfe3e885faee19ef4c2eb59dafa81cc2c309ac05dfd8398739114e	241bb618-805f-4ce7-b402-b7137c455c9d	description
i-2264939a2870b0cd02b48123e6927eda2e1d99eac10b09a3e621a70cbb210629	fe9f3bf9-0cb0-443a-bf88-98ea862c258a	description
i-13171c1713e1b4b08c3d13c4a7ec7cc37d033bd9259d72cb6310a3ac6c70bbe5	63b7a6df-0454-47b6-92c7-9223169c28f9	numeric-base
i-0eb39332adca78fccabbe537db7a804df0c69c2c53957190bc2d58819c531ed7	8d9f9882-3ee6-4c1b-8446-6fcd5b0fa3e3	description
i-95da17fb36cd7f0283f975c4bd8a04e32825eaa42565ab1d0fc5a94bba873b35	b2529748-f767-4791-9ced-b905a06f6270	description
i-d76a6f680c71ea05c9b7a6bd9da41a49549fdca5cec3bc890dcf526449840ab1	a9845c89-364e-4ac5-b425-6e00e36dcdc8	numeric-base
i-300445cc402127b1d200778885db776dca0329ff142b68deafe94b2470a0d8e0	acbfa81a-b48b-4a0a-bc4d-f2ab6ff2281e	numeric-base
i-76d11fbddffb237ab6fb7dd767194b1ffcd2db99d7d3a8c7d9b2e366e28c8c99	b8f8526e-f799-4c86-955d-fca94d2c3e73	numeric-base
i-2c294f27116557367b7a0641a743eba98e54dd82b9705a454ccd09bcd5bb25da	d6c959c2-fa85-476e-bf52-9114f2164785	description
i-009109e820478bcc7e3d9f5b0d16586bd41e79444c9e2c283db98a967a68833e	91ae3e38-a043-4c53-a02a-ddc900f2b501	numeric-base
i-c33ac8c6736540783835c0e71f60bc1fd958d7e7f6ea36d3197451874d4918d8	5f733e41-5b40-4330-bffc-b5b5d618f9a0	numeric-base
i-05293d6a2b69a490d0bdb3a4422b633f7fdaa0f7d653d37044d5502fd048e129	217e9f4d-7501-481e-8178-0e4c7da38bc7	numeric-base
i-2c359a09513a177cd846360a25b7b160c5d4e9ef76d11d2bb15d68b722b9eee3	217e9f4d-7501-481e-8178-0e4c7da38bc7	description
i-30c07094b94217c4864347612acf2dd0a33e8f83660b5c80af5ef62fd1f638b3	5498a4f3-5de0-4a5c-8f99-bd24df83d61e	description
i-c19a2e69caa70b3fd49f6d3a5cb3a55f1152836f400780bd02b72fca3db5530d	5f4b5e0d-2a3a-43e7-a5a8-e5c756379791	description
i-3dd2308098e5797da6a1f166628e085949036cc5efef613afad0d1b2c593e5ba	fc12b240-637a-4b6a-9018-587b2c19f7ef	description
i-fd3b8dab03b540a6624af55fd0642610cef6456a73a45da797e554ef452e6b10	a57bd96e-b44b-4681-b1ef-3042d34d2a3b	description
i-e3d943ec52f83b3b6017525b9597bbdad2af71520abddedcc50e32fb8fb306c4	2fcbfc25-7e63-4590-b07c-053d18f8e6d1	description
i-4f571450bebb9ace1b1cf5aa48000e8ec094033866a9b81aeb231e025a7ff02b	0d9ab85c-aef7-4018-a9ef-f026eb2ff67b	description
i-13e85d2e8f5a3d5511894c4e78eab0dd330186509f8541f727f233969b7658a7	bb780809-a133-4b0c-a3ee-3c68e9e9fae3	description
i-bc9d659481313588964b72363f2d4c7a17a151b674339e7dff33bb98f4ec9164	423bc4b1-9aae-48e7-9416-b438bf0bedc4	description
i-6919530dfbf9b25595769ca98c8c54d033bcec30de830c3237eca414af585848	c7af81f8-3819-4d94-a868-868d3daa6d8a	numeric-base
i-23a6a0e93d35d22562977f1e721b0758bdc8e6aa7476e45b96c68404f4a6b6b9	34161ad1-014a-4f1d-ab98-04c6fd243287	numeric-base
i-6427d3e21f0b2f588ff08f717bc94cb7a644c27ae17152d852067470f405b91e	22a033a2-cd43-4bb4-8446-683ba87a0391	numeric-base
i-34fba236327ab6c7352f3154b51b1192ffc73f6079557d0358e014ad189054de	b5c9082c-3a70-4932-88c5-5f0aef2adbfd	numeric-base
i-41deb4317aae8d1affcacbbad90e61061a24f9199e196c8c7b6b1b1988018eca	752b54c0-ff90-47e3-8aac-2e7fa2d76e37	description
i-0cbb7151b867bb656f6079d55b0b548dc652a050cd3e4e588a2fec1d5c625535	8f326863-a7fb-4d5b-8ab2-5f9906f536ff	description
i-752b2f06411e6f1667b328770d7d9aa9b691ba8bbd630419afd6336b2530d556	5bade30d-2e6d-4df3-8054-5f7ccd28f24d	numeric-base
i-76b4a4f48779c07e2f5d47cdc72b8d9a5f342eb83578e782907e30d0a2ec9139	800dc749-36b7-44e3-af80-3292729ed7dc	description
i-d4fb027b88a439411261653924e5bc5234269f7d6f969dadb82dbc7ada460c1e	ab7f9bd9-0a34-4372-8ae0-ab0595980484	description
i-3e4c77dda4d5aae694ee8a38469f8d9e55aa1dc5d96403b3be8de5fa6e8776ae	61e51b79-9882-404f-a976-8a2becff24d4	description
i-a94821aa1e7c2b37734844744f723735a7b29b792638d10edf9fd90ff0830686	1eacb501-09a8-459e-b102-7eb610499219	description
i-1700d83aaa622a4958c52664ad6c685fbe56cb63d63dc06e11303556a9afe014	dfcb0198-2652-4077-97ee-e89f63a0c259	numeric-base
i-1db95d443ef58efa4c655825c2e9657d2623b768038cf74a247ba03ad60f4ae2	c794cd73-ff6f-4ef9-bcdf-c91338c7c16d	numeric-base
i-1e69c0f600611db85df60467aeeb102b9e75ac9e0df477d2be804d1171f82435	50bb1c2c-edd6-4355-9cc7-9cfcea06c25f	description
i-66d5b47639aa1bf2ae6c580c11fa522b7a5cf6b42c1f13dbedb7979fd96d7b6b	0ff076f1-2e58-49e8-ada2-d687fe526141	description
i-a7919ec53e2b02607c93244c9e62d3876f232c32d9876c3dedd02c2bf3d85bf4	8a03427b-73f6-423d-8c13-b6a279adacf3	numeric-base
i-c8b850666fc586df08b06ec996d519545556e54c814f179f1d4954b925d79e0a	a9165049-d5d2-4810-bff2-37702e01101a	description
